/*
SQLyog Ultimate v12.5.1 (64 bit)
MySQL - 5.5.34 : Database - inventaris_db
*********************************************************************
*/

/*!40101 SET NAMES utf8 */;

/*!40101 SET SQL_MODE=''*/;

/*!40014 SET @OLD_UNIQUE_CHECKS=@@UNIQUE_CHECKS, UNIQUE_CHECKS=0 */;
/*!40014 SET @OLD_FOREIGN_KEY_CHECKS=@@FOREIGN_KEY_CHECKS, FOREIGN_KEY_CHECKS=0 */;
/*!40101 SET @OLD_SQL_MODE=@@SQL_MODE, SQL_MODE='NO_AUTO_VALUE_ON_ZERO' */;
/*!40111 SET @OLD_SQL_NOTES=@@SQL_NOTES, SQL_NOTES=0 */;
/*Table structure for table `master_user` */

CREATE TABLE `master_user` (
  `username` varchar(20) NOT NULL,
  `password` varchar(20) NOT NULL,
  `level_user` int(1) NOT NULL,
  PRIMARY KEY (`username`)
) ENGINE=InnoDB DEFAULT CHARSET=latin1;

/*Data for the table `master_user` */

insert  into `master_user`(`username`,`password`,`level_user`) values 
('admin','admin',1),
('user','user',0);

/*Table structure for table `tm_asset` */

CREATE TABLE `tm_asset` (
  `cIdAsset` varchar(100) NOT NULL,
  `cKdAsset` varchar(50) DEFAULT NULL,
  `cIdSPA` int(11) DEFAULT NULL,
  `cNoSPA` varchar(30) DEFAULT NULL,
  `cIdSPB` int(11) DEFAULT NULL,
  `cNoSPB` varchar(30) DEFAULT NULL,
  `cKdBarang` varchar(10) DEFAULT NULL,
  `cKdSatuan` varchar(3) DEFAULT NULL,
  `dTglAsset` datetime DEFAULT NULL,
  `cMerk` varchar(20) DEFAULT NULL,
  `cType` varchar(20) DEFAULT NULL,
  `cSerialNumber` varchar(20) DEFAULT NULL,
  `cSpesifikasi` varchar(250) DEFAULT NULL,
  `cAktif` char(1) DEFAULT NULL,
  `cKomp` char(1) DEFAULT NULL,
  `cIdGenerate` varchar(20) DEFAULT NULL,
  `dTglGenerate` datetime DEFAULT NULL,
  `username` varchar(20) DEFAULT NULL,
  `id_barcode` varchar(50) DEFAULT NULL,
  `address_barcode` varchar(100) DEFAULT NULL,
  `name_barcode` varchar(30) DEFAULT NULL,
  `detail_barcode` varchar(255) DEFAULT NULL,
  `latitude_barcode` varchar(30) DEFAULT NULL,
  `longitude_barcode` varchar(30) DEFAULT NULL,
  `cUserEntry` varchar(30) DEFAULT NULL,
  `cDateEntry` datetime DEFAULT NULL,
  `cUserEdit` varchar(30) DEFAULT NULL,
  `cDateEdit` datetime DEFAULT NULL,
  PRIMARY KEY (`cIdAsset`)
) ENGINE=MyISAM DEFAULT CHARSET=latin1;

/*Data for the table `tm_asset` */

insert  into `tm_asset`(`cIdAsset`,`cKdAsset`,`cIdSPA`,`cNoSPA`,`cIdSPB`,`cNoSPB`,`cKdBarang`,`cKdSatuan`,`dTglAsset`,`cMerk`,`cType`,`cSerialNumber`,`cSpesifikasi`,`cAktif`,`cKomp`,`cIdGenerate`,`dTglGenerate`,`username`,`id_barcode`,`address_barcode`,`name_barcode`,`detail_barcode`,`latitude_barcode`,`longitude_barcode`,`cUserEntry`,`cDateEntry`,`cUserEdit`,`cDateEdit`) values 
('1232014120111151601','00001/123/TATA-TEST/XII/14',25,'00013/SPA-HO/X/14',16,'00003/SPB-HO/XII/14','123','UNT','2014-12-01 17:15:20','','','','','1','0','1620141201111516','2014-12-01 11:15:16','admin','1232014120111151601','none1','nonee','none2','-6.18522535','106.76777467','admin','2014-12-01 17:15:20','admin','2014-12-01 17:15:20'),
('1232014120111151602','00002/123/TATA-TEST/XII/14',25,'00013/SPA-HO/X/14',16,'00003/SPB-HO/XII/14','123','UNT','2014-12-01 17:15:21','','','','','1','1','1620141201111516','2014-12-01 11:15:16','admin','1232014120111151602','none1','nonee','none2','-6.18522535','106.76777467','admin','2014-12-01 17:15:21','admin','2014-12-01 17:15:21'),
('4562014112913201501','00001/456/TATA-TEST/II/15',30,'769900',13,'00002/SPB-HO/XI/14','456','UNT','2015-02-15 01:13:23',NULL,NULL,NULL,NULL,'1','0','1320141129132015','2014-11-29 13:20:15','admin','4562014112913201501','none1','nonee','none2','-6.18522535','106.76777467','admin','2015-02-15 01:13:23','admin','2015-02-15 01:13:23'),
('4562014112913201502','00002/456/TATA-TEST/II/15',30,'769900',13,'00002/SPB-HO/XI/14','456','UNT','2015-02-15 01:13:24',NULL,NULL,NULL,NULL,'1','0','1320141129132015','2014-11-29 13:20:15','admin','4562014112913201502','none1','nonee','none2','-6.18522535','106.76777467','admin','2015-02-15 01:13:24','admin','2015-02-15 01:13:24'),
('4562014112913201503','00003/456/TATA-TEST/II/15',30,'769900',13,'00002/SPB-HO/XI/14','456','UNT','2015-02-15 01:13:24',NULL,NULL,NULL,NULL,'1','0','1320141129132015','2014-11-29 13:20:15','admin','4562014112913201503','none1','nonee','none2','-6.18522535','106.76777467','admin','2015-02-15 01:13:24','admin','2015-02-15 01:13:24'),
('4562014120108320801','00038/456/TATA-TEST/XII/14',30,'769900',15,'00002/SPB-HO/XII/14','456','UNT','2014-12-01 14:47:40','TOSHIBA','','','','1','0','1520141201083208','2014-12-01 08:32:08','admin','4562014120108320801','none1','nonee','none2','-6.18522535','106.76777467','admin','2014-12-01 14:47:40','admin','2014-12-01 14:47:40'),
('4562015021419371501','00010/456/TATA-TEST/II/15',33,'003/II/2015',18,'00002/SPB-HO/II/15','456','UNT','2015-02-15 01:37:22',NULL,NULL,NULL,NULL,'1','0','1820150214193715','2015-02-14 19:37:15','admin','4562015021419371501','none1','nonee','none2','-6.18522535','106.76777467','admin','2015-02-15 01:37:22','admin','2015-02-15 01:37:22'),
('4562015021419371502','00011/456/TATA-TEST/II/15',33,'003/II/2015',18,'00002/SPB-HO/II/15','456','UNT','2015-02-15 01:37:22',NULL,NULL,NULL,NULL,'1','0','1820150214193715','2015-02-14 19:37:15','admin','4562015021419371502','none1','nonee','none2','-6.18522535','106.76777467','admin','2015-02-15 01:37:22','admin','2015-02-15 01:37:22'),
('4562015021419371503','00012/456/TATA-TEST/II/15',33,'003/II/2015',18,'00002/SPB-HO/II/15','456','UNT','2015-02-15 01:37:22',NULL,NULL,NULL,NULL,'1','0','1820150214193715','2015-02-14 19:37:15','admin','4562015021419371503','none1','nonee','none2','-6.18522535','106.76777467','admin','2015-02-15 01:37:22','admin','2015-02-15 01:37:22'),
('4562015021419371504','00013/456/TATA-TEST/II/15',33,'003/II/2015',18,'00002/SPB-HO/II/15','456','UNT','2015-02-15 01:37:23',NULL,NULL,NULL,NULL,'1','0','1820150214193715','2015-02-14 19:37:15','admin','4562015021419371504','none1','nonee','none2','-6.18522535','106.76777467','admin','2015-02-15 01:37:23','admin','2015-02-15 01:37:23'),
('4562015021419371505','00014/456/TATA-TEST/II/15',33,'003/II/2015',18,'00002/SPB-HO/II/15','456','UNT','2015-02-15 01:37:23',NULL,NULL,NULL,NULL,'1','0','1820150214193715','2015-02-14 19:37:15','admin','4562015021419371505','none1','nonee','none2','-6.18522535','106.76777467','admin','2015-02-15 01:37:23','admin','2015-02-15 01:37:23'),
('4562015021419371506','00015/456/TATA-TEST/II/15',33,'003/II/2015',18,'00002/SPB-HO/II/15','456','UNT','2015-02-15 01:37:24',NULL,NULL,NULL,NULL,'1','0','1820150214193715','2015-02-14 19:37:15','admin','4562015021419371506','none1','nonee','none2','-6.18522535','106.76777467','admin','2015-02-15 01:37:24','admin','2015-02-15 01:37:24'),
('4562015021419371507','00016/456/TATA-TEST/II/15',33,'003/II/2015',18,'00002/SPB-HO/II/15','456','UNT','2015-02-15 01:37:25',NULL,NULL,NULL,NULL,'1','0','1820150214193715','2015-02-14 19:37:15','admin','4562015021419371507','none1','nonee','none2','-6.18522535','106.76777467','admin','2015-02-15 01:37:25','admin','2015-02-15 01:37:25'),
('1112015022319371508','0147/TNI-CPU/VI/2001',0,'0',0,'0','111','UNT','2015-02-15 01:37:25','','','','','1','0','1820150214193715','2015-02-15 01:37:25','admin','1112015022319371508','none1','nonee','none2','-6.18522535','106.76777467','ADMIN','2015-02-15 01:37:25','ADMIN','2015-02-15 01:37:25'),
('1112015022319371509','0172/TNI-CPU/1/2002',0,'0',0,'0','111','UNT','2015-02-15 01:37:25','','','','','1','0','1820150214193715','2015-02-15 01:37:25','admin','1112015022319371509','none1','nonee','none2','-6.18522535','106.76777467','ADMIN','2015-02-15 01:37:25','ADMIN','2015-02-15 01:37:25'),
('11120150223193715010','0179/TNI-CPU/IV/2002',0,'0',0,'0','111','UNT','2015-02-15 01:37:25','','','','','1','0','1820150214193715','2015-02-15 01:37:25','admin','11120150223193715010','none1','nonee','none2','-6.18522535','106.76777467','ADMIN','2015-02-15 01:37:25','ADMIN','2015-02-15 01:37:25'),
('11120150223193715011','0193/TNI-CPU/VII/2002',0,'0',0,'0','111','UNT','2015-02-15 01:37:25','','','','','1','0','1820150214193715','2015-02-15 01:37:25','admin','11120150223193715011','none1','nonee','none2','-6.18522535','106.76777467','ADMIN','2015-02-15 01:37:25','ADMIN','2015-02-15 01:37:25'),
('11120150223193715012','0202/TNI-CPU/X/2002',0,'0',0,'0','111','UNT','2015-02-15 01:37:25','','','','','1','0','1820150214193715','2015-02-15 01:37:25','admin','11120150223193715012','none1','nonee','none2','-6.18522535','106.76777467','ADMIN','2015-02-15 01:37:25','ADMIN','2015-02-15 01:37:25'),
('11120150223193715013','0209/TNI-CPU/I/2003',0,'0',0,'0','111','UNT','2015-02-15 01:37:25','','','','','1','0','1820150214193715','2015-02-15 01:37:25','admin','11120150223193715013','none1','nonee','none2','-6.18522535','106.76777467','ADMIN','2015-02-15 01:37:25','ADMIN','2015-02-15 01:37:25'),
('11120150223193715014','0211/TNI-CPU/III/2003',0,'0',0,'0','111','UNT','2015-02-15 01:37:25','','','','','1','0','1820150214193715','2015-02-15 01:37:25','admin','11120150223193715014','none1','nonee','none2','-6.18522535','106.76777467','ADMIN','2015-02-15 01:37:25','ADMIN','2015-02-15 01:37:25'),
('11120150223193715015','0217/TNI-CPU/IX/2003',0,'0',0,'0','111','UNT','2015-02-15 01:37:25','','','','','1','0','1820150214193715','2015-02-15 01:37:25','admin','11120150223193715015','none1','nonee','none2','-6.18522535','106.76777467','ADMIN','2015-02-15 01:37:25','ADMIN','2015-02-15 01:37:25'),
('11120150223193715016','0219/TNI-CPU/IX/2003',0,'0',0,'0','111','UNT','2015-02-15 01:37:25','','','','','1','0','1820150214193715','2015-02-15 01:37:25','admin','11120150223193715016','none1','nonee','none2','-6.18522535','106.76777467','ADMIN','2015-02-15 01:37:25','ADMIN','2015-02-15 01:37:25'),
('11120150223193715017','0221/TNI-CPU/VI/2003',0,'0',0,'0','111','UNT','2015-02-15 01:37:25','','','','','1','0','1820150214193715','2015-02-15 01:37:25','admin','11120150223193715017','none1','nonee','none2','-6.18522535','106.76777467','ADMIN','2015-02-15 01:37:25','ADMIN','2015-02-15 01:37:25'),
('11120150223193715018','0222/TNI-CPU/V/2003',0,'0',0,'0','111','UNT','2015-02-15 01:37:25','','','','','1','0','1820150214193715','2015-02-15 01:37:25','admin','11120150223193715018','none1','nonee','none2','-6.18522535','106.76777467','ADMIN','2015-02-15 01:37:25','ADMIN','2015-02-15 01:37:25'),
('11120150223193715019','0226/TNI-CPU/I/2004',0,'0',0,'0','111','UNT','2015-02-15 01:37:25','','','','','1','0','1820150214193715','2015-02-15 01:37:25','admin','11120150223193715019','none1','nonee','none2','-6.18522535','106.76777467','ADMIN','2015-02-15 01:37:25','ADMIN','2015-02-15 01:37:25'),
('11120150223193715020','0237/TNI-CPU/VI/2004',0,'0',0,'0','111','UNT','2015-02-15 01:37:25','','','','','1','0','1820150214193715','2015-02-15 01:37:25','admin','11120150223193715020','none1','nonee','none2','-6.18522535','106.76777467','ADMIN','2015-02-15 01:37:25','ADMIN','2015-02-15 01:37:25'),
('11120150223193715021','0239/TNI-CPU/VI/2004',0,'0',0,'0','111','UNT','2015-02-15 01:37:25','','','','','1','0','1820150214193715','2015-02-15 01:37:25','admin','11120150223193715021','none1','nonee','none2','-6.18522535','106.76777467','ADMIN','2015-02-15 01:37:25','ADMIN','2015-02-15 01:37:25'),
('11120150223193715022','0244/TNI-CPU/VII/2004',0,'0',0,'0','111','UNT','2015-02-15 01:37:25','','','','','1','0','1820150214193715','2015-02-15 01:37:25','admin','11120150223193715022','none1','nonee','none2','-6.18522535','106.76777467','ADMIN','2015-02-15 01:37:25','ADMIN','2015-02-15 01:37:25'),
('11120150223193715023','0248/TNI-CPU/VIII/2004',0,'0',0,'0','111','UNT','2015-02-15 01:37:25','','','','','1','0','1820150214193715','2015-02-15 01:37:25','admin','11120150223193715023','none1','nonee','none2','-6.18522535','106.76777467','ADMIN','2015-02-15 01:37:25','ADMIN','2015-02-15 01:37:25'),
('11120150223193715024','0255A/TATA-CPU/04/2011',0,'0',0,'0','111','UNT','2015-02-15 01:37:25','','','','','1','0','1820150214193715','2015-02-15 01:37:25','admin','11120150223193715024','none1','nonee','none2','-6.18522535','106.76777467','ADMIN','2015-02-15 01:37:25','ADMIN','2015-02-15 01:37:25'),
('11120150223193715025','0267/TNI-CPU/XI/2004',0,'0',0,'0','111','UNT','2015-02-15 01:37:25','','','','','1','0','1820150214193715','2015-02-15 01:37:25','admin','11120150223193715025','none1','nonee','none2','-6.18522535','106.76777467','ADMIN','2015-02-15 01:37:25','ADMIN','2015-02-15 01:37:25'),
('11120150223193715026','0283/TATA-CPU/02/2005',0,'0',0,'0','111','UNT','2015-02-15 01:37:25','','','','','1','0','1820150214193715','2015-02-15 01:37:25','admin','11120150223193715026','none1','nonee','none2','-6.18522535','106.76777467','ADMIN','2015-02-15 01:37:25','ADMIN','2015-02-15 01:37:25'),
('11120150223193715027','0291/TATA-CPU/04/2005',0,'0',0,'0','111','UNT','2015-02-15 01:37:25','','','','','1','0','1820150214193715','2015-02-15 01:37:25','admin','11120150223193715027','none1','nonee','none2','-6.18522535','106.76777467','ADMIN','2015-02-15 01:37:25','ADMIN','2015-02-15 01:37:25'),
('11120150223193715028','0301/TATA-CPU/05/2005',0,'0',0,'0','111','UNT','2015-02-15 01:37:25','','','','','1','0','1820150214193715','2015-02-15 01:37:25','admin','11120150223193715028','none1','nonee','none2','-6.18522535','106.76777467','ADMIN','2015-02-15 01:37:25','ADMIN','2015-02-15 01:37:25'),
('11120150223193715029','0307/TATA-CPU/02/2008',0,'0',0,'0','111','UNT','2015-02-15 01:37:25','','','','','1','0','1820150214193715','2015-02-15 01:37:25','admin','11120150223193715029','none1','nonee','none2','-6.18522535','106.76777467','ADMIN','2015-02-15 01:37:25','ADMIN','2015-02-15 01:37:25'),
('11120150223193715030','0308/TATA-CPU/05/2005',0,'0',0,'0','111','UNT','2015-02-15 01:37:25','','','','','1','0','1820150214193715','2015-02-15 01:37:25','admin','11120150223193715030','none1','nonee','none2','-6.18522535','106.76777467','ADMIN','2015-02-15 01:37:25','ADMIN','2015-02-15 01:37:25'),
('11120150223193715031','0325/TATA-CPU/07/2005',0,'0',0,'0','111','UNT','2015-02-15 01:37:25','','','','','1','0','1820150214193715','2015-02-15 01:37:25','admin','11120150223193715031','none1','nonee','none2','-6.18522535','106.76777467','ADMIN','2015-02-15 01:37:25','ADMIN','2015-02-15 01:37:25'),
('11120150223193715032','0334/TATA-CPU/12/2005',0,'0',0,'0','111','UNT','2015-02-15 01:37:25','','','','','1','0','1820150214193715','2015-02-15 01:37:25','admin','11120150223193715032','none1','nonee','none2','-6.18522535','106.76777467','ADMIN','2015-02-15 01:37:25','ADMIN','2015-02-15 01:37:25'),
('11120150223193715033','0335/TATA-CPU/12/2005',0,'0',0,'0','111','UNT','2015-02-15 01:37:25','','','','','1','0','1820150214193715','2015-02-15 01:37:25','admin','11120150223193715033','none1','nonee','none2','-6.18522535','106.76777467','ADMIN','2015-02-15 01:37:25','ADMIN','2015-02-15 01:37:25'),
('11120150223193715034','0336/TATA-CPU/01/2006',0,'0',0,'0','111','UNT','2015-02-15 01:37:25','','','','','1','0','1820150214193715','2015-02-15 01:37:25','admin','11120150223193715034','none1','nonee','none2','-6.18522535','106.76777467','ADMIN','2015-02-15 01:37:25','ADMIN','2015-02-15 01:37:25'),
('11120150223193715035','0342/TATA-CPU/02/2006',0,'0',0,'0','111','UNT','2015-02-15 01:37:25','','','','','1','0','1820150214193715','2015-02-15 01:37:25','admin','11120150223193715035','none1','nonee','none2','-6.18522535','106.76777467','ADMIN','2015-02-15 01:37:25','ADMIN','2015-02-15 01:37:25'),
('11120150223193715036','0343/TATA-CPU/02/2006',0,'0',0,'0','111','UNT','2015-02-15 01:37:25','','','','','1','0','1820150214193715','2015-02-15 01:37:25','admin','11120150223193715036','none1','nonee','none2','-6.18522535','106.76777467','ADMIN','2015-02-15 01:37:25','ADMIN','2015-02-15 01:37:25'),
('11120150223193715037','0344/TATA-CPU/03/2006',0,'0',0,'0','111','UNT','2015-02-15 01:37:25','','','','','1','0','1820150214193715','2015-02-15 01:37:25','admin','11120150223193715037','none1','nonee','none2','-6.18522535','106.76777467','ADMIN','2015-02-15 01:37:25','ADMIN','2015-02-15 01:37:25'),
('11120150223193715038','0346/TATA-CPU/05/2006',0,'0',0,'0','111','UNT','2015-02-15 01:37:25','','','','','1','0','1820150214193715','2015-02-15 01:37:25','admin','11120150223193715038','none1','nonee','none2','-6.18522535','106.76777467','ADMIN','2015-02-15 01:37:25','ADMIN','2015-02-15 01:37:25'),
('11120150223193715039','0349/TATA-CPU/05/2006',0,'0',0,'0','111','UNT','2015-02-15 01:37:25','','','','','1','0','1820150214193715','2015-02-15 01:37:25','admin','11120150223193715039','none1','nonee','none2','-6.18522535','106.76777467','ADMIN','2015-02-15 01:37:25','ADMIN','2015-02-15 01:37:25'),
('11120150223193715040','0355/TATA-CPU/11/2006',0,'0',0,'0','111','UNT','2015-02-15 01:37:25','','','','','1','0','1820150214193715','2015-02-15 01:37:25','admin','11120150223193715040','none1','nonee','none2','-6.18522535','106.76777467','ADMIN','2015-02-15 01:37:25','ADMIN','2015-02-15 01:37:25'),
('11120150223193715041','0357/TATA-CPU/01/2007',0,'0',0,'0','111','UNT','2015-02-15 01:37:25','','','','','1','0','1820150214193715','2015-02-15 01:37:25','admin','11120150223193715041','none1','nonee','none2','-6.18522535','106.76777467','ADMIN','2015-02-15 01:37:25','ADMIN','2015-02-15 01:37:25'),
('11120150223193715042','0358/TATA-CPU/02/2007',0,'0',0,'0','111','UNT','2015-02-15 01:37:25','','','','','1','0','1820150214193715','2015-02-15 01:37:25','admin','11120150223193715042','none1','nonee','none2','-6.18522535','106.76777467','ADMIN','2015-02-15 01:37:25','ADMIN','2015-02-15 01:37:25'),
('11120150223193715043','0359/TATA-CPU/02/2007',0,'0',0,'0','111','UNT','2015-02-15 01:37:25','','','','','1','0','1820150214193715','2015-02-15 01:37:25','admin','11120150223193715043','none1','nonee','none2','-6.18522535','106.76777467','ADMIN','2015-02-15 01:37:25','ADMIN','2015-02-15 01:37:25'),
('11120150223193715044','0360/TATA-CPU/02/2007',0,'0',0,'0','111','UNT','2015-02-15 01:37:25','','','','','1','0','1820150214193715','2015-02-15 01:37:25','admin','11120150223193715044','none1','nonee','none2','-6.18522535','106.76777467','ADMIN','2015-02-15 01:37:25','ADMIN','2015-02-15 01:37:25'),
('11120150223193715045','0361/TATA-CPU/03/2007',0,'0',0,'0','111','UNT','2015-02-15 01:37:25','','','','','1','0','1820150214193715','2015-02-15 01:37:25','admin','11120150223193715045','none1','nonee','none2','-6.18522535','106.76777467','ADMIN','2015-02-15 01:37:25','ADMIN','2015-02-15 01:37:25'),
('11120150223193715046','0380/TATA-CPU/01/2008',0,'0',0,'0','111','UNT','2015-02-15 01:37:25','','','','','1','0','1820150214193715','2015-02-15 01:37:25','admin','11120150223193715046','none1','nonee','none2','-6.18522535','106.76777467','ADMIN','2015-02-15 01:37:25','ADMIN','2015-02-15 01:37:25'),
('11120150223193715047','0383/TATA-CPU/01/2008',0,'0',0,'0','111','UNT','2015-02-15 01:37:25','','','','','1','0','1820150214193715','2015-02-15 01:37:25','admin','11120150223193715047','none1','nonee','none2','-6.18522535','106.76777467','ADMIN','2015-02-15 01:37:25','ADMIN','2015-02-15 01:37:25'),
('11120150223193715048','0384/TATA-CPU/01/2008',0,'0',0,'0','111','UNT','2015-02-15 01:37:25','','','','','1','0','1820150214193715','2015-02-15 01:37:25','admin','11120150223193715048','none1','nonee','none2','-6.18522535','106.76777467','ADMIN','2015-02-15 01:37:25','ADMIN','2015-02-15 01:37:25'),
('11120150223193715049','0387A/TATA-CPU/02/2008',0,'0',0,'0','111','UNT','2015-02-15 01:37:25','','','','','1','0','1820150214193715','2015-02-15 01:37:25','admin','11120150223193715049','none1','nonee','none2','-6.18522535','106.76777467','ADMIN','2015-02-15 01:37:25','ADMIN','2015-02-15 01:37:25'),
('11120150223193715050','0388/TATA-CPU/02/2008',0,'0',0,'0','111','UNT','2015-02-15 01:37:25','','','','','1','0','1820150214193715','2015-02-15 01:37:25','admin','11120150223193715050','none1','nonee','none2','-6.18522535','106.76777467','ADMIN','2015-02-15 01:37:25','ADMIN','2015-02-15 01:37:25'),
('11120150223193715051','0389/TATA-CPU/02/2008',0,'0',0,'0','111','UNT','2015-02-15 01:37:25','','','','','1','0','1820150214193715','2015-02-15 01:37:25','admin','11120150223193715051','none1','nonee','none2','-6.18522535','106.76777467','ADMIN','2015-02-15 01:37:25','ADMIN','2015-02-15 01:37:25'),
('11120150223193715052','0393/TATA-CPU/02/2008',0,'0',0,'0','111','UNT','2015-02-15 01:37:25','','','','','1','0','1820150214193715','2015-02-15 01:37:25','admin','11120150223193715052','none1','nonee','none2','-6.18522535','106.76777467','ADMIN','2015-02-15 01:37:25','ADMIN','2015-02-15 01:37:25'),
('11120150223193715053','0397/TATA-CPU/03/2008',0,'0',0,'0','111','UNT','2015-02-15 01:37:25','','','','','1','0','1820150214193715','2015-02-15 01:37:25','admin','11120150223193715053','none1','nonee','none2','-6.18522535','106.76777467','ADMIN','2015-02-15 01:37:25','ADMIN','2015-02-15 01:37:25'),
('11120150223193715054','0411/TATA-CPU/05/2008',0,'0',0,'0','111','UNT','2015-02-15 01:37:25','','','','','1','0','1820150214193715','2015-02-15 01:37:25','admin','11120150223193715054','none1','nonee','none2','-6.18522535','106.76777467','ADMIN','2015-02-15 01:37:25','ADMIN','2015-02-15 01:37:25'),
('11120150223193715055','0413/TATA-CPU/05/2008',0,'0',0,'0','111','UNT','2015-02-15 01:37:25','','','','','1','0','1820150214193715','2015-02-15 01:37:25','admin','11120150223193715055','none1','nonee','none2','-6.18522535','106.76777467','ADMIN','2015-02-15 01:37:25','ADMIN','2015-02-15 01:37:25'),
('11120150223193715056','0432/TATA-CPU/06/2009',0,'0',0,'0','111','UNT','2015-02-15 01:37:25','','','','','1','0','1820150214193715','2015-02-15 01:37:25','admin','11120150223193715056','none1','nonee','none2','-6.18522535','106.76777467','ADMIN','2015-02-15 01:37:25','ADMIN','2015-02-15 01:37:25'),
('11120150223193715057','0434/TATA-CPU/07/2009',0,'0',0,'0','111','UNT','2015-02-15 01:37:25','','','','','1','0','1820150214193715','2015-02-15 01:37:25','admin','11120150223193715057','none1','nonee','none2','-6.18522535','106.76777467','ADMIN','2015-02-15 01:37:25','ADMIN','2015-02-15 01:37:25'),
('11120150223193715058','0435/TATA-CPU/10/2009',0,'0',0,'0','111','UNT','2015-02-15 01:37:25','','','','','1','0','1820150214193715','2015-02-15 01:37:25','admin','11120150223193715058','none1','nonee','none2','-6.18522535','106.76777467','ADMIN','2015-02-15 01:37:25','ADMIN','2015-02-15 01:37:25'),
('11120150223193715059','0437TATA-CPU/10/2009',0,'0',0,'0','111','UNT','2015-02-15 01:37:25','','','','','1','0','1820150214193715','2015-02-15 01:37:25','admin','11120150223193715059','none1','nonee','none2','-6.18522535','106.76777467','ADMIN','2015-02-15 01:37:25','ADMIN','2015-02-15 01:37:25'),
('11120150223193715060','0444/TATA-CPU/02/2010',0,'0',0,'0','111','UNT','2015-02-15 01:37:25','','','','','1','0','1820150214193715','2015-02-15 01:37:25','admin','11120150223193715060','none1','nonee','none2','-6.18522535','106.76777467','ADMIN','2015-02-15 01:37:25','ADMIN','2015-02-15 01:37:25'),
('11120150223193715061','0448/TATA-CPU/06/2010',0,'0',0,'0','111','UNT','2015-02-15 01:37:25','','','','','1','0','1820150214193715','2015-02-15 01:37:25','admin','11120150223193715061','none1','nonee','none2','-6.18522535','106.76777467','ADMIN','2015-02-15 01:37:25','ADMIN','2015-02-15 01:37:25'),
('11120150223193715062','0454/TATA-CPU/06/2010',0,'0',0,'0','111','UNT','2015-02-15 01:37:25','','','','','1','0','1820150214193715','2015-02-15 01:37:25','admin','11120150223193715062','none1','nonee','none2','-6.18522535','106.76777467','ADMIN','2015-02-15 01:37:25','ADMIN','2015-02-15 01:37:25'),
('11120150223193715063','0455/TATA-CPU/06/2010',0,'0',0,'0','111','UNT','2015-02-15 01:37:25','','','','','1','0','1820150214193715','2015-02-15 01:37:25','admin','11120150223193715063','none1','nonee','none2','-6.18522535','106.76777467','ADMIN','2015-02-15 01:37:25','ADMIN','2015-02-15 01:37:25'),
('11120150223193715064','0456/TATA/CPU/06/2010',0,'0',0,'0','111','UNT','2015-02-15 01:37:25','','','','','1','0','1820150214193715','2015-02-15 01:37:25','admin','11120150223193715064','none1','nonee','none2','-6.18522535','106.76777467','ADMIN','2015-02-15 01:37:25','ADMIN','2015-02-15 01:37:25'),
('11120150223193715065','0457TATA-CPU/06/2010',0,'0',0,'0','111','UNT','2015-02-15 01:37:25','','','','','1','0','1820150214193715','2015-02-15 01:37:25','admin','11120150223193715065','none1','nonee','none2','-6.18522535','106.76777467','ADMIN','2015-02-15 01:37:25','ADMIN','2015-02-15 01:37:25'),
('11120150223193715066','0458/TATA-CPU/06/2010',0,'0',0,'0','111','UNT','2015-02-15 01:37:25','','','','','1','0','1820150214193715','2015-02-15 01:37:25','admin','11120150223193715066','none1','nonee','none2','-6.18522535','106.76777467','ADMIN','2015-02-15 01:37:25','ADMIN','2015-02-15 01:37:25'),
('11120150223193715067','0462/TATA-CPU/07/2010',0,'0',0,'0','111','UNT','2015-02-15 01:37:25','','','','','1','0','1820150214193715','2015-02-15 01:37:25','admin','11120150223193715067','none1','nonee','none2','-6.18522535','106.76777467','ADMIN','2015-02-15 01:37:25','ADMIN','2015-02-15 01:37:25'),
('11120150223193715068','0475/TATA-CPU/08/2010',0,'0',0,'0','111','UNT','2015-02-15 01:37:25','','','','','1','0','1820150214193715','2015-02-15 01:37:25','admin','11120150223193715068','none1','nonee','none2','-6.18522535','106.76777467','ADMIN','2015-02-15 01:37:25','ADMIN','2015-02-15 01:37:25'),
('11120150223193715069','0486TATA-CPU/04/2011',0,'0',0,'0','111','UNT','2015-02-15 01:37:25','','','','','1','0','1820150214193715','2015-02-15 01:37:25','admin','11120150223193715069','none1','nonee','none2','-6.18522535','106.76777467','ADMIN','2015-02-15 01:37:25','ADMIN','2015-02-15 01:37:25'),
('11120150223193715070','0487/TATA-CPU/II/2010',0,'0',0,'0','111','UNT','2015-02-15 01:37:25','','','','','1','0','1820150214193715','2015-02-15 01:37:25','admin','11120150223193715070','none1','nonee','none2','-6.18522535','106.76777467','ADMIN','2015-02-15 01:37:25','ADMIN','2015-02-15 01:37:25'),
('11120150223193715071','0506/TATA-CPU/03/2011',0,'0',0,'0','111','UNT','2015-02-15 01:37:25','','','','','1','0','1820150214193715','2015-02-15 01:37:25','admin','11120150223193715071','none1','nonee','none2','-6.18522535','106.76777467','ADMIN','2015-02-15 01:37:25','ADMIN','2015-02-15 01:37:25'),
('11120150223193715072','0518/TATA-CPU/04/2011',0,'0',0,'0','111','UNT','2015-02-15 01:37:25','','','','','1','0','1820150214193715','2015-02-15 01:37:25','admin','11120150223193715072','none1','nonee','none2','-6.18522535','106.76777467','ADMIN','2015-02-15 01:37:25','ADMIN','2015-02-15 01:37:25'),
('11120150223193715073','0519A/TATA-CPU/04/2011',0,'0',0,'0','111','UNT','2015-02-15 01:37:25','','','','','1','0','1820150214193715','2015-02-15 01:37:25','admin','11120150223193715073','none1','nonee','none2','-6.18522535','106.76777467','ADMIN','2015-02-15 01:37:25','ADMIN','2015-02-15 01:37:25'),
('11120150223193715074','0520A/TATA-CPU/04/2011',0,'0',0,'0','111','UNT','2015-02-15 01:37:25','','','','','1','0','1820150214193715','2015-02-15 01:37:25','admin','11120150223193715074','none1','nonee','none2','-6.18522535','106.76777467','ADMIN','2015-02-15 01:37:25','ADMIN','2015-02-15 01:37:25'),
('11120150223193715075','0521A/TATA-CPU/04/2011',0,'0',0,'0','111','UNT','2015-02-15 01:37:25','','','','','1','0','1820150214193715','2015-02-15 01:37:25','admin','11120150223193715075','none1','nonee','none2','-6.18522535','106.76777467','ADMIN','2015-02-15 01:37:25','ADMIN','2015-02-15 01:37:25'),
('11120150223193715076','0539/TATA-CPU/04/2011',0,'0',0,'0','111','UNT','2015-02-15 01:37:25','','','','','1','0','1820150214193715','2015-02-15 01:37:25','admin','11120150223193715076','none1','nonee','none2','-6.18522535','106.76777467','ADMIN','2015-02-15 01:37:25','ADMIN','2015-02-15 01:37:25'),
('11120150223193715077','0540/TATA-CPU/05/2011',0,'0',0,'0','111','UNT','2015-02-15 01:37:25','','','','','1','0','1820150214193715','2015-02-15 01:37:25','admin','11120150223193715077','none1','nonee','none2','-6.18522535','106.76777467','ADMIN','2015-02-15 01:37:25','ADMIN','2015-02-15 01:37:25'),
('11120150223193715078','0541/TATA-CPU/05/2011',0,'0',0,'0','111','UNT','2015-02-15 01:37:25','','','','','1','0','1820150214193715','2015-02-15 01:37:25','admin','11120150223193715078','none1','nonee','none2','-6.18522535','106.76777467','ADMIN','2015-02-15 01:37:25','ADMIN','2015-02-15 01:37:25'),
('11120150223193715079','0548/TATA-CPU/05/2011',0,'0',0,'0','111','UNT','2015-02-15 01:37:25','','','','','1','0','1820150214193715','2015-02-15 01:37:25','admin','11120150223193715079','none1','nonee','none2','-6.18522535','106.76777467','ADMIN','2015-02-15 01:37:25','ADMIN','2015-02-15 01:37:25'),
('11120150223193715080','0572/TATA-CPU/07/2011',0,'0',0,'0','111','UNT','2015-02-15 01:37:25','','','','','1','0','1820150214193715','2015-02-15 01:37:25','admin','11120150223193715080','none1','nonee','none2','-6.18522535','106.76777467','ADMIN','2015-02-15 01:37:25','ADMIN','2015-02-15 01:37:25'),
('11120150223193715081','0573/TATA-CPU/07/2011',0,'0',0,'0','111','UNT','2015-02-15 01:37:25','','','','','1','0','1820150214193715','2015-02-15 01:37:25','admin','11120150223193715081','none1','nonee','none2','-6.18522535','106.76777467','ADMIN','2015-02-15 01:37:25','ADMIN','2015-02-15 01:37:25'),
('11120150223193715082','0621/TATA-CPU/11/2011',0,'0',0,'0','111','UNT','2015-02-15 01:37:25','','','','','1','0','1820150214193715','2015-02-15 01:37:25','admin','11120150223193715082','none1','nonee','none2','-6.18522535','106.76777467','ADMIN','2015-02-15 01:37:25','ADMIN','2015-02-15 01:37:25'),
('11120150223193715083','0623/TATA-CPU/11/2011',0,'0',0,'0','111','UNT','2015-02-15 01:37:25','','','','','1','0','1820150214193715','2015-02-15 01:37:25','admin','11120150223193715083','none1','nonee','none2','-6.18522535','106.76777467','ADMIN','2015-02-15 01:37:25','ADMIN','2015-02-15 01:37:25'),
('11120150223193715084','0638/TATA-CPU/01/2012',0,'0',0,'0','111','UNT','2015-02-15 01:37:25','','','','','1','0','1820150214193715','2015-02-15 01:37:25','admin','11120150223193715084','none1','nonee','none2','-6.18522535','106.76777467','ADMIN','2015-02-15 01:37:25','ADMIN','2015-02-15 01:37:25'),
('11120150223193715085','0654/TATA-CPU/03/2012',0,'0',0,'0','111','UNT','2015-02-15 01:37:25','','','','','1','0','1820150214193715','2015-02-15 01:37:25','admin','11120150223193715085','none1','nonee','none2','-6.18522535','106.76777467','ADMIN','2015-02-15 01:37:25','ADMIN','2015-02-15 01:37:25'),
('11120150223193715086','0655/TATA-CPU/03/2012',0,'0',0,'0','111','UNT','2015-02-15 01:37:25','','','','','1','0','1820150214193715','2015-02-15 01:37:25','admin','11120150223193715086','none1','nonee','none2','-6.18522535','106.76777467','ADMIN','2015-02-15 01:37:25','ADMIN','2015-02-15 01:37:25'),
('11120150223193715087','0677/TATA-CPU/06/2012',0,'0',0,'0','111','UNT','2015-02-15 01:37:25','','','','','1','0','1820150214193715','2015-02-15 01:37:25','admin','11120150223193715087','none1','nonee','none2','-6.18522535','106.76777467','ADMIN','2015-02-15 01:37:25','ADMIN','2015-02-15 01:37:25'),
('11120150223193715088','0695/TATA-CPU/07/2012',0,'0',0,'0','111','UNT','2015-02-15 01:37:25','','','','','1','0','1820150214193715','2015-02-15 01:37:25','admin','11120150223193715088','none1','nonee','none2','-6.18522535','106.76777467','ADMIN','2015-02-15 01:37:25','ADMIN','2015-02-15 01:37:25'),
('11120150223193715089','0704/TATA-CPU/09/2012',0,'0',0,'0','111','UNT','2015-02-15 01:37:25','','','','','1','0','1820150214193715','2015-02-15 01:37:25','admin','11120150223193715089','none1','nonee','none2','-6.18522535','106.76777467','ADMIN','2015-02-15 01:37:25','ADMIN','2015-02-15 01:37:25'),
('11120150223193715090','0715/TATA-CPU/09/2012',0,'0',0,'0','111','UNT','2015-02-15 01:37:25','','','','','1','0','1820150214193715','2015-02-15 01:37:25','admin','11120150223193715090','none1','nonee','none2','-6.18522535','106.76777467','ADMIN','2015-02-15 01:37:25','ADMIN','2015-02-15 01:37:25'),
('11120150223193715091','0729/TATA-CPU/01/2012',0,'0',0,'0','111','UNT','2015-02-15 01:37:25','','','','','1','0','1820150214193715','2015-02-15 01:37:25','admin','11120150223193715091','none1','nonee','none2','-6.18522535','106.76777467','ADMIN','2015-02-15 01:37:25','ADMIN','2015-02-15 01:37:25'),
('11120150223193715092','0734/TATA-CPU/11/2012',0,'0',0,'0','111','UNT','2015-02-15 01:37:25','','','','','1','0','1820150214193715','2015-02-15 01:37:25','admin','11120150223193715092','none1','nonee','none2','-6.18522535','106.76777467','ADMIN','2015-02-15 01:37:25','ADMIN','2015-02-15 01:37:25'),
('11120150223193715093','0744/TATA-CPU/12/2012',0,'0',0,'0','111','UNT','2015-02-15 01:37:25','','','','','1','0','1820150214193715','2015-02-15 01:37:25','admin','11120150223193715093','none1','nonee','none2','-6.18522535','106.76777467','ADMIN','2015-02-15 01:37:25','ADMIN','2015-02-15 01:37:25'),
('11120150223193715094','0747/TATA-CPU/12/2012',0,'0',0,'0','111','UNT','2015-02-15 01:37:25','','','','','1','0','1820150214193715','2015-02-15 01:37:25','admin','11120150223193715094','none1','nonee','none2','-6.18522535','106.76777467','ADMIN','2015-02-15 01:37:25','ADMIN','2015-02-15 01:37:25'),
('11120150223193715095','0761/TATA-CPU/01/2013',0,'0',0,'0','111','UNT','2015-02-15 01:37:25','','','','','1','0','1820150214193715','2015-02-15 01:37:25','admin','11120150223193715095','none1','nonee','none2','-6.18522535','106.76777467','ADMIN','2015-02-15 01:37:25','ADMIN','2015-02-15 01:37:25'),
('11120150223193715096','0762/TATA-CPU/01/2013',0,'0',0,'0','111','UNT','2015-02-15 01:37:25','','','','','1','0','1820150214193715','2015-02-15 01:37:25','admin','11120150223193715096','none1','nonee','none2','-6.18522535','106.76777467','ADMIN','2015-02-15 01:37:25','ADMIN','2015-02-15 01:37:25'),
('11120150223193715097','0807/TATA-CPU/05/2013',0,'0',0,'0','111','UNT','2015-02-15 01:37:25','','','','','1','0','1820150214193715','2015-02-15 01:37:25','admin','11120150223193715097','none1','nonee','none2','-6.18522535','106.76777467','ADMIN','2015-02-15 01:37:25','ADMIN','2015-02-15 01:37:25'),
('11120150223193715098','0811/TATA-CPU/06/2005',0,'0',0,'0','111','UNT','2015-02-15 01:37:25','','','','','1','0','1820150214193715','2015-02-15 01:37:25','admin','11120150223193715098','none1','nonee','none2','-6.18522535','106.76777467','ADMIN','2015-02-15 01:37:25','ADMIN','2015-02-15 01:37:25'),
('11120150223193715099','0819/TATA-CPU/07/2013',0,'0',0,'0','111','UNT','2015-02-15 01:37:25','','','','','1','0','1820150214193715','2015-02-15 01:37:25','admin','11120150223193715099','none1','nonee','none2','-6.18522535','106.76777467','ADMIN','2015-02-15 01:37:25','ADMIN','2015-02-15 01:37:25'),
('111201502231937150100','0835/TATA-CPU/07/2013',0,'0',0,'0','111','UNT','2015-02-15 01:37:25','','','','','1','0','1820150214193715','2015-02-15 01:37:25','admin','111201502231937150100','none1','nonee','none2','-6.18522535','106.76777467','ADMIN','2015-02-15 01:37:25','ADMIN','2015-02-15 01:37:25'),
('111201502231937150101','0841/TATA-CPU/07/2013',0,'0',0,'0','111','UNT','2015-02-15 01:37:25','','','','','1','0','1820150214193715','2015-02-15 01:37:25','admin','111201502231937150101','none1','nonee','none2','-6.18522535','106.76777467','ADMIN','2015-02-15 01:37:25','ADMIN','2015-02-15 01:37:25'),
('111201502231937150102','0847/TATA-CPU/08/2013',0,'0',0,'0','111','UNT','2015-02-15 01:37:25','','','','','1','0','1820150214193715','2015-02-15 01:37:25','admin','111201502231937150102','none1','nonee','none2','-6.18522535','106.76777467','ADMIN','2015-02-15 01:37:25','ADMIN','2015-02-15 01:37:25'),
('111201502231937150103','0852/TATA-CPU/09/2013',0,'0',0,'0','111','UNT','2015-02-15 01:37:25','','','','','1','0','1820150214193715','2015-02-15 01:37:25','admin','111201502231937150103','none1','nonee','none2','-6.18522535','106.76777467','ADMIN','2015-02-15 01:37:25','ADMIN','2015-02-15 01:37:25'),
('111201502231937150104','0853/TATA-CPU/09/2013',0,'0',0,'0','111','UNT','2015-02-15 01:37:25','','','','','1','0','1820150214193715','2015-02-15 01:37:25','admin','111201502231937150104','none1','nonee','none2','-6.18522535','106.76777467','ADMIN','2015-02-15 01:37:25','ADMIN','2015-02-15 01:37:25'),
('111201502231937150105','0866/TATA-CPU/10/2013',0,'0',0,'0','111','UNT','2015-02-15 01:37:25','','','','','1','0','1820150214193715','2015-02-15 01:37:25','admin','111201502231937150105','none1','nonee','none2','-6.18522535','106.76777467','ADMIN','2015-02-15 01:37:25','ADMIN','2015-02-15 01:37:25'),
('111201502231937150106','0867/TATA-CPU/10/2013',0,'0',0,'0','111','UNT','2015-02-15 01:37:25','','','','','1','0','1820150214193715','2015-02-15 01:37:25','admin','111201502231937150106','none1','nonee','none2','-6.18522535','106.76777467','ADMIN','2015-02-15 01:37:25','ADMIN','2015-02-15 01:37:25'),
('111201502231937150107','0888/TATA-CPU/01/2014',0,'0',0,'0','111','UNT','2015-02-15 01:37:25','','','','','1','0','1820150214193715','2015-02-15 01:37:25','admin','111201502231937150107','none1','nonee','none2','-6.18522535','106.76777467','ADMIN','2015-02-15 01:37:25','ADMIN','2015-02-15 01:37:25'),
('111201502231937150108','0891/TATA-CPU/02/2014',0,'0',0,'0','111','UNT','2015-02-15 01:37:25','','','','','1','0','1820150214193715','2015-02-15 01:37:25','admin','111201502231937150108','none1','nonee','none2','-6.18522535','106.76777467','ADMIN','2015-02-15 01:37:25','ADMIN','2015-02-15 01:37:25'),
('111201502231937150109','0901/TATA-CPU/02/2014',0,'0',0,'0','111','UNT','2015-02-15 01:37:25','','','','','1','0','1820150214193715','2015-02-15 01:37:25','admin','111201502231937150109','none1','nonee','none2','-6.18522535','106.76777467','ADMIN','2015-02-15 01:37:25','ADMIN','2015-02-15 01:37:25'),
('111201502231937150110','0908/TATA-CPU/03/2014',0,'0',0,'0','111','UNT','2015-02-15 01:37:25','','','','','1','0','1820150214193715','2015-02-15 01:37:25','admin','111201502231937150110','none1','nonee','none2','-6.18522535','106.76777467','ADMIN','2015-02-15 01:37:25','ADMIN','2015-02-15 01:37:25'),
('111201502231937150111','0913/TATA-CPU/04/2014',0,'0',0,'0','111','UNT','2015-02-15 01:37:25','','','','','1','0','1820150214193715','2015-02-15 01:37:25','admin','111201502231937150111','none1','nonee','none2','-6.18522535','106.76777467','ADMIN','2015-02-15 01:37:25','ADMIN','2015-02-15 01:37:25'),
('111201502231937150112','0916/TATA-CPU/04/2014',0,'0',0,'0','111','UNT','2015-02-15 01:37:25','','','','','1','0','1820150214193715','2015-02-15 01:37:25','admin','111201502231937150112','none1','nonee','none2','-6.18522535','106.76777467','ADMIN','2015-02-15 01:37:25','ADMIN','2015-02-15 01:37:25'),
('111201502231937150113','0002/TC-CPU/08/2007',0,'0',0,'0','111','UNT','2015-02-15 01:37:25','','','','','0','0','1820150214193715','2015-02-15 01:37:25','admin','111201502231937150113','none1','nonee','none2','-6.18522535','106.76777467','ADMIN','2015-02-15 01:37:25','ADMIN','2015-02-15 01:37:25'),
('111201502231937150114','0135/TNI-CPU/II/2001',0,'0',0,'0','111','UNT','2015-02-15 01:37:25','','','','','0','0','1820150214193715','2015-02-15 01:37:25','admin','111201502231937150114','none1','nonee','none2','-6.18522535','106.76777467','ADMIN','2015-02-15 01:37:25','ADMIN','2015-02-15 01:37:25'),
('111201502231937150115','0140/TNI-CPU/XI/2000',0,'0',0,'0','111','UNT','2015-02-15 01:37:25','','','','','0','0','1820150214193715','2015-02-15 01:37:25','admin','111201502231937150115','none1','nonee','none2','-6.18522535','106.76777467','ADMIN','2015-02-15 01:37:25','ADMIN','2015-02-15 01:37:25'),
('111201502231937150116','0144/TNI-CPU/VI/2001',0,'0',0,'0','111','UNT','2015-02-15 01:37:25','','','','','0','0','1820150214193715','2015-02-15 01:37:25','admin','111201502231937150116','none1','nonee','none2','-6.18522535','106.76777467','ADMIN','2015-02-15 01:37:25','ADMIN','2015-02-15 01:37:25'),
('111201502231937150117','0149/TNI-CPU/VII/2001',0,'0',0,'0','111','UNT','2015-02-15 01:37:25','','','','','0','0','1820150214193715','2015-02-15 01:37:25','admin','111201502231937150117','none1','nonee','none2','-6.18522535','106.76777467','ADMIN','2015-02-15 01:37:25','ADMIN','2015-02-15 01:37:25'),
('111201502231937150118','0154/TNI-CPU/VIII/2001',0,'0',0,'0','111','UNT','2015-02-15 01:37:25','','','','','0','0','1820150214193715','2015-02-15 01:37:25','admin','111201502231937150118','none1','nonee','none2','-6.18522535','106.76777467','ADMIN','2015-02-15 01:37:25','ADMIN','2015-02-15 01:37:25'),
('111201502231937150119','0155/TNI-CPU/VIII/2001',0,'0',0,'0','111','UNT','2015-02-15 01:37:25','','','','','0','0','1820150214193715','2015-02-15 01:37:25','admin','111201502231937150119','none1','nonee','none2','-6.18522535','106.76777467','ADMIN','2015-02-15 01:37:25','ADMIN','2015-02-15 01:37:25'),
('111201502231937150120','0161/TNI-CPU/X/2001',0,'0',0,'0','111','UNT','2015-02-15 01:37:25','','','','','0','0','1820150214193715','2015-02-15 01:37:25','admin','111201502231937150120','none1','nonee','none2','-6.18522535','106.76777467','ADMIN','2015-02-15 01:37:25','ADMIN','2015-02-15 01:37:25'),
('111201502231937150121','0170/TNI-CPU/1/2002',0,'0',0,'0','111','UNT','2015-02-15 01:37:25','','','','','0','0','1820150214193715','2015-02-15 01:37:25','admin','111201502231937150121','none1','nonee','none2','-6.18522535','106.76777467','ADMIN','2015-02-15 01:37:25','ADMIN','2015-02-15 01:37:25'),
('111201502231937150122','0171/TNI-CPU/01/2002',0,'0',0,'0','111','UNT','2015-02-15 01:37:25','','','','','0','0','1820150214193715','2015-02-15 01:37:25','admin','111201502231937150122','none1','nonee','none2','-6.18522535','106.76777467','ADMIN','2015-02-15 01:37:25','ADMIN','2015-02-15 01:37:25'),
('111201502231937150123','0173/TNI-CPU/01/2002',0,'0',0,'0','111','UNT','2015-02-15 01:37:25','','','','','0','0','1820150214193715','2015-02-15 01:37:25','admin','111201502231937150123','none1','nonee','none2','-6.18522535','106.76777467','ADMIN','2015-02-15 01:37:25','ADMIN','2015-02-15 01:37:25'),
('111201502231937150124','0192/TNI-CPU/VII/2002',0,'0',0,'0','111','UNT','2015-02-15 01:37:25','','','','','0','0','1820150214193715','2015-02-15 01:37:25','admin','111201502231937150124','none1','nonee','none2','-6.18522535','106.76777467','ADMIN','2015-02-15 01:37:25','ADMIN','2015-02-15 01:37:25'),
('111201502231937150125','0197/TNI-CPU/X/2002',0,'0',0,'0','111','UNT','2015-02-15 01:37:25','','','','','0','0','1820150214193715','2015-02-15 01:37:25','admin','111201502231937150125','none1','nonee','none2','-6.18522535','106.76777467','ADMIN','2015-02-15 01:37:25','ADMIN','2015-02-15 01:37:25'),
('111201502231937150126','0198/TNI-CPU/X/2002',0,'0',0,'0','111','UNT','2015-02-15 01:37:25','','','','','0','0','1820150214193715','2015-02-15 01:37:25','admin','111201502231937150126','none1','nonee','none2','-6.18522535','106.76777467','ADMIN','2015-02-15 01:37:25','ADMIN','2015-02-15 01:37:25'),
('111201502231937150127','0199/TNI-CPU/X/2002',0,'0',0,'0','111','UNT','2015-02-15 01:37:25','','','','','0','0','1820150214193715','2015-02-15 01:37:25','admin','111201502231937150127','none1','nonee','none2','-6.18522535','106.76777467','ADMIN','2015-02-15 01:37:25','ADMIN','2015-02-15 01:37:25'),
('111201502231937150128','0204/TNI-CPU/XI/2002',0,'0',0,'0','111','UNT','2015-02-15 01:37:25','','','','','0','0','1820150214193715','2015-02-15 01:37:25','admin','111201502231937150128','none1','nonee','none2','-6.18522535','106.76777467','ADMIN','2015-02-15 01:37:25','ADMIN','2015-02-15 01:37:25'),
('111201502231937150129','0206/TNI-CPU/1/200_',0,'0',0,'0','111','UNT','2015-02-15 01:37:25','','','','','0','0','1820150214193715','2015-02-15 01:37:25','admin','111201502231937150129','none1','nonee','none2','-6.18522535','106.76777467','ADMIN','2015-02-15 01:37:25','ADMIN','2015-02-15 01:37:25'),
('111201502231937150130','0224/TNI-CPU/X/2003',0,'0',0,'0','111','UNT','2015-02-15 01:37:25','','','','','0','0','1820150214193715','2015-02-15 01:37:25','admin','111201502231937150130','none1','nonee','none2','-6.18522535','106.76777467','ADMIN','2015-02-15 01:37:25','ADMIN','2015-02-15 01:37:25'),
('111201502231937150131','0226/TNI-CPU/XII/2004',0,'0',0,'0','111','UNT','2015-02-15 01:37:25','','','','','0','0','1820150214193715','2015-02-15 01:37:25','admin','111201502231937150131','none1','nonee','none2','-6.18522535','106.76777467','ADMIN','2015-02-15 01:37:25','ADMIN','2015-02-15 01:37:25'),
('111201502231937150132','0227/TNI-CPU/1/2004',0,'0',0,'0','111','UNT','2015-02-15 01:37:25','','','','','0','0','1820150214193715','2015-02-15 01:37:25','admin','111201502231937150132','none1','nonee','none2','-6.18522535','106.76777467','ADMIN','2015-02-15 01:37:25','ADMIN','2015-02-15 01:37:25'),
('111201502231937150133','0228/TNI-CPU/01/2004',0,'0',0,'0','111','UNT','2015-02-15 01:37:25','','','','','0','0','1820150214193715','2015-02-15 01:37:25','admin','111201502231937150133','none1','nonee','none2','-6.18522535','106.76777467','ADMIN','2015-02-15 01:37:25','ADMIN','2015-02-15 01:37:25'),
('111201502231937150134','0233/TNI-CPU/2/2004',0,'0',0,'0','111','UNT','2015-02-15 01:37:25','','','','','0','0','1820150214193715','2015-02-15 01:37:25','admin','111201502231937150134','none1','nonee','none2','-6.18522535','106.76777467','ADMIN','2015-02-15 01:37:25','ADMIN','2015-02-15 01:37:25'),
('111201502231937150135','0242/TNI-CPU/VII/2004',0,'0',0,'0','111','UNT','2015-02-15 01:37:25','','','','','0','0','1820150214193715','2015-02-15 01:37:25','admin','111201502231937150135','none1','nonee','none2','-6.18522535','106.76777467','ADMIN','2015-02-15 01:37:25','ADMIN','2015-02-15 01:37:25'),
('111201502231937150136','0252/TNI-CPU/IX/2004',0,'0',0,'0','111','UNT','2015-02-15 01:37:25','','','','','0','0','1820150214193715','2015-02-15 01:37:25','admin','111201502231937150136','none1','nonee','none2','-6.18522535','106.76777467','ADMIN','2015-02-15 01:37:25','ADMIN','2015-02-15 01:37:25'),
('111201502231937150137','0253/TNI-CPU/IX/2004',0,'0',0,'0','111','UNT','2015-02-15 01:37:25','','','','','0','0','1820150214193715','2015-02-15 01:37:25','admin','111201502231937150137','none1','nonee','none2','-6.18522535','106.76777467','ADMIN','2015-02-15 01:37:25','ADMIN','2015-02-15 01:37:25'),
('111201502231937150138','0254/TNI-CPU/IX/2004',0,'0',0,'0','111','UNT','2015-02-15 01:37:25','','','','','0','0','1820150214193715','2015-02-15 01:37:25','admin','111201502231937150138','none1','nonee','none2','-6.18522535','106.76777467','ADMIN','2015-02-15 01:37:25','ADMIN','2015-02-15 01:37:25'),
('111201502231937150139','0262/TNI-CPU/X/2004',0,'0',0,'0','111','UNT','2015-02-15 01:37:25','','','','','0','0','1820150214193715','2015-02-15 01:37:25','admin','111201502231937150139','none1','nonee','none2','-6.18522535','106.76777467','ADMIN','2015-02-15 01:37:25','ADMIN','2015-02-15 01:37:25'),
('111201502231937150140','0264/TNI-CPU/X/2004',0,'0',0,'0','111','UNT','2015-02-15 01:37:25','','','','','0','0','1820150214193715','2015-02-15 01:37:25','admin','111201502231937150140','none1','nonee','none2','-6.18522535','106.76777467','ADMIN','2015-02-15 01:37:25','ADMIN','2015-02-15 01:37:25'),
('111201502231937150141','0265/TNI-CPU/X/2004',0,'0',0,'0','111','UNT','2015-02-15 01:37:25','','','','','0','0','1820150214193715','2015-02-15 01:37:25','admin','111201502231937150141','none1','nonee','none2','-6.18522535','106.76777467','ADMIN','2015-02-15 01:37:25','ADMIN','2015-02-15 01:37:25'),
('111201502231937150142','0271/TNI-CPU/01/2005',0,'0',0,'0','111','UNT','2015-02-15 01:37:25','','','','','0','0','1820150214193715','2015-02-15 01:37:25','admin','111201502231937150142','none1','nonee','none2','-6.18522535','106.76777467','ADMIN','2015-02-15 01:37:25','ADMIN','2015-02-15 01:37:25'),
('111201502231937150143','0287/TATA-CPU/03/2005',0,'0',0,'0','111','UNT','2015-02-15 01:37:25','','','','','0','0','1820150214193715','2015-02-15 01:37:25','admin','111201502231937150143','none1','nonee','none2','-6.18522535','106.76777467','ADMIN','2015-02-15 01:37:25','ADMIN','2015-02-15 01:37:25'),
('111201502231937150144','0289/TATA-CPU/02/2005',0,'0',0,'0','111','UNT','2015-02-15 01:37:25','','','','','0','0','1820150214193715','2015-02-15 01:37:25','admin','111201502231937150144','none1','nonee','none2','-6.18522535','106.76777467','ADMIN','2015-02-15 01:37:25','ADMIN','2015-02-15 01:37:25'),
('111201502231937150145','0300/TATA-CPU/05/2005',0,'0',0,'0','111','UNT','2015-02-15 01:37:25','','','','','0','0','1820150214193715','2015-02-15 01:37:25','admin','111201502231937150145','none1','nonee','none2','-6.18522535','106.76777467','ADMIN','2015-02-15 01:37:25','ADMIN','2015-02-15 01:37:25'),
('111201502231937150146','0302/TNI-CPU/05/2005',0,'0',0,'0','111','UNT','2015-02-15 01:37:25','','','','','0','0','1820150214193715','2015-02-15 01:37:25','admin','111201502231937150146','none1','nonee','none2','-6.18522535','106.76777467','ADMIN','2015-02-15 01:37:25','ADMIN','2015-02-15 01:37:25'),
('111201502231937150147','0306/TNI-CPU/05/2005',0,'0',0,'0','111','UNT','2015-02-15 01:37:25','','','','','0','0','1820150214193715','2015-02-15 01:37:25','admin','111201502231937150147','none1','nonee','none2','-6.18522535','106.76777467','ADMIN','2015-02-15 01:37:25','ADMIN','2015-02-15 01:37:25'),
('111201502231937150148','0307/TATA-CPU/05/2005',0,'0',0,'0','111','UNT','2015-02-15 01:37:25','','','','','0','0','1820150214193715','2015-02-15 01:37:25','admin','111201502231937150148','none1','nonee','none2','-6.18522535','106.76777467','ADMIN','2015-02-15 01:37:25','ADMIN','2015-02-15 01:37:25'),
('111201502231937150149','0317/TATA-CPU/07/2005',0,'0',0,'0','111','UNT','2015-02-15 01:37:25','','','','','0','0','1820150214193715','2015-02-15 01:37:25','admin','111201502231937150149','none1','nonee','none2','-6.18522535','106.76777467','ADMIN','2015-02-15 01:37:25','ADMIN','2015-02-15 01:37:25'),
('111201502231937150150','0322/TATA-CPU/07/2007',0,'0',0,'0','111','UNT','2015-02-15 01:37:25','','','','','0','0','1820150214193715','2015-02-15 01:37:25','admin','111201502231937150150','none1','nonee','none2','-6.18522535','106.76777467','ADMIN','2015-02-15 01:37:25','ADMIN','2015-02-15 01:37:25'),
('111201502231937150151','0341/TATA-CPU/02/2006',0,'0',0,'0','111','UNT','2015-02-15 01:37:25','','','','','0','0','1820150214193715','2015-02-15 01:37:25','admin','111201502231937150151','none1','nonee','none2','-6.18522535','106.76777467','ADMIN','2015-02-15 01:37:25','ADMIN','2015-02-15 01:37:25'),
('111201502231937150152','0412/TNI-CPU/05/2008',0,'0',0,'0','111','UNT','2015-02-15 01:37:25','','','','','0','0','1820150214193715','2015-02-15 01:37:25','admin','111201502231937150152','none1','nonee','none2','-6.18522535','106.76777467','ADMIN','2015-02-15 01:37:25','ADMIN','2015-02-15 01:37:25'),
('3332015022319371501','0012/TC-MON/08/2007',0,'0',0,'0','111','UNT','2015-02-15 01:37:25','','','','','0','0','1820150214193715','2015-02-15 01:37:25','admin','3332015022319371501','none1','nonee','none2','-6.18522535','106.76777467','ADMIN','2015-02-15 01:37:25','ADMIN','2015-02-15 01:37:25'),
('3332015022319371502','0014/TC-MON/08/2007',0,'0',0,'0','111','UNT','2015-02-15 01:37:25','','','','','0','0','1820150214193715','2015-02-15 01:37:25','admin','3332015022319371502','none1','nonee','none2','-6.18522535','106.76777467','ADMIN','2015-02-15 01:37:25','ADMIN','2015-02-15 01:37:25'),
('3332015022319371503','013/TNI-MON/VIII/1997',0,'0',0,'0','111','UNT','2015-02-15 01:37:25','','','','','0','0','1820150214193715','2015-02-15 01:37:25','admin','3332015022319371503','none1','nonee','none2','-6.18522535','106.76777467','ADMIN','2015-02-15 01:37:25','ADMIN','2015-02-15 01:37:25'),
('3332015022319371504','0139/TNI-MON/VI/2001',0,'0',0,'0','111','UNT','2015-02-15 01:37:25','','','','','0','0','1820150214193715','2015-02-15 01:37:25','admin','3332015022319371504','none1','nonee','none2','-6.18522535','106.76777467','ADMIN','2015-02-15 01:37:25','ADMIN','2015-02-15 01:37:25'),
('3332015022319371505','0144/TNI-MON/VII/2001',0,'0',0,'0','111','UNT','2015-02-15 01:37:25','','','','','0','0','1820150214193715','2015-02-15 01:37:25','admin','3332015022319371505','none1','nonee','none2','-6.18522535','106.76777467','ADMIN','2015-02-15 01:37:25','ADMIN','2015-02-15 01:37:25'),
('3332015022319371506','0149/TNI-MON/IX/2001',0,'0',0,'0','111','UNT','2015-02-15 01:37:25','','','','','0','0','1820150214193715','2015-02-15 01:37:25','admin','3332015022319371506','none1','nonee','none2','-6.18522535','106.76777467','ADMIN','2015-02-15 01:37:25','ADMIN','2015-02-15 01:37:25'),
('3332015022319371507','0154/TNI-MON/XI/2001',0,'0',0,'0','111','UNT','2015-02-15 01:37:25','','','','','0','0','1820150214193715','2015-02-15 01:37:25','admin','3332015022319371507','none1','nonee','none2','-6.18522535','106.76777467','ADMIN','2015-02-15 01:37:25','ADMIN','2015-02-15 01:37:25'),
('3332015022319371508','0162/TNI-MON/I/2002',0,'0',0,'0','111','UNT','2015-02-15 01:37:25','','','','','0','0','1820150214193715','2015-02-15 01:37:25','admin','3332015022319371508','none1','nonee','none2','-6.18522535','106.76777467','ADMIN','2015-02-15 01:37:25','ADMIN','2015-02-15 01:37:25'),
('3332015022319371509','0170/TNI-MON/IV/2002',0,'0',0,'0','111','UNT','2015-02-15 01:37:25','','','','','0','0','1820150214193715','2015-02-15 01:37:25','admin','3332015022319371509','none1','nonee','none2','-6.18522535','106.76777467','ADMIN','2015-02-15 01:37:25','ADMIN','2015-02-15 01:37:25'),
('33320150223193715010','0183/TNI-MON/1/2002',0,'0',0,'0','111','UNT','2015-02-15 01:37:25','','','','','0','0','1820150214193715','2015-02-15 01:37:25','admin','33320150223193715010','none1','nonee','none2','-6.18522535','106.76777467','ADMIN','2015-02-15 01:37:25','ADMIN','2015-02-15 01:37:25'),
('33320150223193715011','0200/TNI-MON/I/2003',0,'0',0,'0','111','UNT','2015-02-15 01:37:25','','','','','0','0','1820150214193715','2015-02-15 01:37:25','admin','33320150223193715011','none1','nonee','none2','-6.18522535','106.76777467','ADMIN','2015-02-15 01:37:25','ADMIN','2015-02-15 01:37:25'),
('33320150223193715012','0201/TNI-MON/III/2003',0,'0',0,'0','111','UNT','2015-02-15 01:37:25','','','','','0','0','1820150214193715','2015-02-15 01:37:25','admin','33320150223193715012','none1','nonee','none2','-6.18522535','106.76777467','ADMIN','2015-02-15 01:37:25','ADMIN','2015-02-15 01:37:25'),
('33320150223193715013','0202/TNI-MON/III/2003',0,'0',0,'0','111','UNT','2015-02-15 01:37:25','','','','','0','0','1820150214193715','2015-02-15 01:37:25','admin','33320150223193715013','none1','nonee','none2','-6.18522535','106.76777467','ADMIN','2015-02-15 01:37:25','ADMIN','2015-02-15 01:37:25'),
('33320150223193715014','0210/TNI-MON/VIII/2002',0,'0',0,'0','111','UNT','2015-02-15 01:37:25','','','','','0','0','1820150214193715','2015-02-15 01:37:25','admin','33320150223193715014','none1','nonee','none2','-6.18522535','106.76777467','ADMIN','2015-02-15 01:37:25','ADMIN','2015-02-15 01:37:25'),
('33320150223193715015','0223/TNI-MON/II/2004',0,'0',0,'0','111','UNT','2015-02-15 01:37:25','','','','','0','0','1820150214193715','2015-02-15 01:37:25','admin','33320150223193715015','none1','nonee','none2','-6.18522535','106.76777467','ADMIN','2015-02-15 01:37:25','ADMIN','2015-02-15 01:37:25'),
('33320150223193715016','0243/TNI-MON/VII/2004',0,'0',0,'0','111','UNT','2015-02-15 01:37:25','','','','','0','0','1820150214193715','2015-02-15 01:37:25','admin','33320150223193715016','none1','nonee','none2','-6.18522535','106.76777467','ADMIN','2015-02-15 01:37:25','ADMIN','2015-02-15 01:37:25'),
('33320150223193715017','0273/TATA-MON/II/2005',0,'0',0,'0','111','UNT','2015-02-15 01:37:25','','','','','0','0','1820150214193715','2015-02-15 01:37:25','admin','33320150223193715017','none1','nonee','none2','-6.18522535','106.76777467','ADMIN','2015-02-15 01:37:25','ADMIN','2015-02-15 01:37:25'),
('33320150223193715018','0275/TATA-MON/II/2005',0,'0',0,'0','111','UNT','2015-02-15 01:37:25','','','','','0','0','1820150214193715','2015-02-15 01:37:25','admin','33320150223193715018','none1','nonee','none2','-6.18522535','106.76777467','ADMIN','2015-02-15 01:37:25','ADMIN','2015-02-15 01:37:25'),
('33320150223193715019','0291/TATA-MON/05/2005',0,'0',0,'0','111','UNT','2015-02-15 01:37:25','','','','','0','0','1820150214193715','2015-02-15 01:37:25','admin','33320150223193715019','none1','nonee','none2','-6.18522535','106.76777467','ADMIN','2015-02-15 01:37:25','ADMIN','2015-02-15 01:37:25'),
('33320150223193715020','0310/TATA-MON/07/2005',0,'0',0,'0','111','UNT','2015-02-15 01:37:25','','','','','0','0','1820150214193715','2015-02-15 01:37:25','admin','33320150223193715020','none1','nonee','none2','-6.18522535','106.76777467','ADMIN','2015-02-15 01:37:25','ADMIN','2015-02-15 01:37:25'),
('33320150223193715021','0328/TATA-MON/03/2006',0,'0',0,'0','111','UNT','2015-02-15 01:37:25','','','','','0','0','1820150214193715','2015-02-15 01:37:25','admin','33320150223193715021','none1','nonee','none2','-6.18522535','106.76777467','ADMIN','2015-02-15 01:37:25','ADMIN','2015-02-15 01:37:25'),
('33320150223193715022','0392/TATA-MON/05/2008',0,'0',0,'0','111','UNT','2015-02-15 01:37:25','','','','','0','0','1820150214193715','2015-02-15 01:37:25','admin','33320150223193715022','none1','nonee','none2','-6.18522535','106.76777467','ADMIN','2015-02-15 01:37:25','ADMIN','2015-02-15 01:37:25'),
('33320150223193715023','092/TNI-MON/III/1997',0,'0',0,'0','111','UNT','2015-02-15 01:37:25','','','','','0','0','1820150214193715','2015-02-15 01:37:25','admin','33320150223193715023','none1','nonee','none2','-6.18522535','106.76777467','ADMIN','2015-02-15 01:37:25','ADMIN','2015-02-15 01:37:25'),
('33320150223193715024','0133/TATA-MON/V/2000',0,'0',0,'0','111','UNT','2015-02-15 01:37:25','','','','','0','0','1820150214193715','2015-02-15 01:37:25','admin','33320150223193715024','none1','nonee','none2','-6.18522535','106.76777467','ADMIN','2015-02-15 01:37:25','ADMIN','2015-02-15 01:37:25'),
('33320150223193715025','0141/TNI-MON/VII/2001',0,'0',0,'0','111','UNT','2015-02-15 01:37:25','','','','','0','0','1820150214193715','2015-02-15 01:37:25','admin','33320150223193715025','none1','nonee','none2','-6.18522535','106.76777467','ADMIN','2015-02-15 01:37:25','ADMIN','2015-02-15 01:37:25'),
('33320150223193715026','0203/TNI-MON/III/2003',0,'0',0,'0','111','UNT','2015-02-15 01:37:25','','','','','0','0','1820150214193715','2015-02-15 01:37:25','admin','33320150223193715026','none1','nonee','none2','-6.18522535','106.76777467','ADMIN','2015-02-15 01:37:25','ADMIN','2015-02-15 01:37:25'),
('33320150223193715027','0208/TNI-MON/IX/2003',0,'0',0,'0','111','UNT','2015-02-15 01:37:25','','','','','0','0','1820150214193715','2015-02-15 01:37:25','admin','33320150223193715027','none1','nonee','none2','-6.18522535','106.76777467','ADMIN','2015-02-15 01:37:25','ADMIN','2015-02-15 01:37:25'),
('33320150223193715028','0217/TNI-MON/2004',0,'0',0,'0','111','UNT','2015-02-15 01:37:25','','','','','0','0','1820150214193715','2015-02-15 01:37:25','admin','33320150223193715028','none1','nonee','none2','-6.18522535','106.76777467','ADMIN','2015-02-15 01:37:25','ADMIN','2015-02-15 01:37:25'),
('33320150223193715029','0269/TNI-MON/II/2005',0,'0',0,'0','111','UNT','2015-02-15 01:37:25','','','','','0','0','1820150214193715','2015-02-15 01:37:25','admin','33320150223193715029','none1','nonee','none2','-6.18522535','106.76777467','ADMIN','2015-02-15 01:37:25','ADMIN','2015-02-15 01:37:25'),
('33320150223193715030','0286/TNI-MON/05/2005',0,'0',0,'0','111','UNT','2015-02-15 01:37:25','','','','','0','0','1820150214193715','2015-02-15 01:37:25','admin','33320150223193715030','none1','nonee','none2','-6.18522535','106.76777467','ADMIN','2015-02-15 01:37:25','ADMIN','2015-02-15 01:37:25'),
('33320150223193715031','0298/TNI-MON/06/2005',0,'0',0,'0','111','UNT','2015-02-15 01:37:25','','','','','0','0','1820150214193715','2015-02-15 01:37:25','admin','33320150223193715031','none1','nonee','none2','-6.18522535','106.76777467','ADMIN','2015-02-15 01:37:25','ADMIN','2015-02-15 01:37:25'),
('22220150223193715001','0064/TNI-PRN/IV/2002',0,'0',0,'0','111','UNT','2015-02-15 01:37:25','','','','','0','0','1820150214193715','2015-02-15 01:37:25','admin','22220150223193715001','none1','nonee','none2','-6.18522535','106.76777467','ADMIN','2015-02-15 01:37:25','ADMIN','2015-02-15 01:37:25'),
('1112015022322593201','00001/111/TATA-/II/15',34,'10000089',19,'00001/SPB-/II/15','111','UNT','2015-02-24 03:59:57',NULL,NULL,NULL,NULL,'1','0','1920150223225932','2015-02-23 22:59:32','admin','1112015022322593201','none1','nonee','none2','-6.18522535','106.76777467','windy','2015-02-24 03:59:57','windy','2015-02-24 03:59:57'),
('1112015022322593202','00002/111/TATA-/II/15',34,'10000089',19,'00001/SPB-/II/15','111','UNT','2015-02-24 03:59:57',NULL,NULL,NULL,NULL,'1','0','1920150223225932','2015-02-23 22:59:32','admin','1112015022322593202','none1','nonee','none2','-6.18522535','106.76777467','windy','2015-02-24 03:59:57','windy','2015-02-24 03:59:57'),
('1112015022322593203','00003/111/TATA-/II/15',34,'10000089',19,'00001/SPB-/II/15','111','UNT','2015-02-24 03:59:57',NULL,NULL,NULL,NULL,'1','0','1920150223225932','2015-02-23 22:59:32','admin','1112015022322593203','none1','nonee','none2','-6.18522535','106.76777467','windy','2015-02-24 03:59:57','windy','2015-02-24 03:59:57'),
('4562015022322593201','00001/456/TATA-/II/15',34,'10000089',19,'00001/SPB-/II/15','456','UNT','2015-02-24 03:59:57',NULL,NULL,NULL,NULL,'1','0','1920150223225932','2015-02-23 22:59:32','admin','4562015022322593201','none1','nonee','none2','-6.18522535','106.76777467','windy','2015-02-24 03:59:57','windy','2015-02-24 03:59:57'),
('4562015022322593202','00002/456/TATA-/II/15',34,'10000089',19,'00001/SPB-/II/15','456','UNT','2015-02-24 03:59:57',NULL,NULL,NULL,NULL,'1','0','1920150223225932','2015-02-23 22:59:32','admin','4562015022322593202','none1','nonee','none2','-6.18522535','106.76777467','windy','2015-02-24 03:59:57','windy','2015-02-24 03:59:57'),
('4562015022322593203','00003/456/TATA-/II/15',34,'10000089',19,'00001/SPB-/II/15','456','UNT','2015-02-24 03:59:57',NULL,NULL,NULL,NULL,'1','0','1920150223225932','2015-02-23 22:59:32','admin','4562015022322593203','none1','nonee','none2','-6.18522535','106.76777467','windy','2015-02-24 03:59:57','windy','2015-02-24 03:59:57'),
('4562015022322593204','00004/456/TATA-/II/15',34,'10000089',19,'00001/SPB-/II/15','456','UNT','2015-02-24 03:59:57',NULL,NULL,NULL,NULL,'1','0','1920150223225932','2015-02-23 22:59:32','admin','4562015022322593204','none1','nonee','none2','-6.18522535','106.76777467','windy','2015-02-24 03:59:57','windy','2015-02-24 03:59:57'),
('4562015022322593205','00005/456/TATA-/II/15',34,'10000089',19,'00001/SPB-/II/15','456','UNT','2015-02-24 03:59:57','','','','','1','0','1920150223225932','2015-02-23 22:59:32','admin','4562015022322593205','1','LAPTOP','LAPTOP','-6.18522535','0.2333','windy','2015-02-24 03:59:57','windy','2015-02-24 03:59:57');

/*Table structure for table `tm_asset_gen` */

CREATE TABLE `tm_asset_gen` (
  `cIdAsset` varchar(100) NOT NULL,
  `cIdSPA` int(11) DEFAULT NULL,
  `cNoSPA` varchar(30) DEFAULT NULL,
  `cIdSPB` int(11) DEFAULT NULL,
  `cNoSPB` varchar(30) DEFAULT NULL,
  `cKdBarang` varchar(10) DEFAULT NULL,
  `cKdSatuan` varchar(3) DEFAULT NULL,
  `vNmAsset` varchar(150) DEFAULT NULL,
  `cAktif` char(1) DEFAULT NULL,
  `cIdGenerate` varchar(20) DEFAULT NULL,
  `dTglGenerate` datetime DEFAULT NULL,
  `cUserBatal` varchar(30) DEFAULT NULL,
  `dTglBatal` datetime DEFAULT NULL,
  `cUserEntry` varchar(30) DEFAULT NULL,
  `cDateEntry` datetime DEFAULT NULL,
  `cUserPosting` varchar(30) DEFAULT NULL,
  `cDatePosting` datetime DEFAULT NULL,
  PRIMARY KEY (`cIdAsset`)
) ENGINE=MyISAM DEFAULT CHARSET=latin1;

/*Data for the table `tm_asset_gen` */

insert  into `tm_asset_gen`(`cIdAsset`,`cIdSPA`,`cNoSPA`,`cIdSPB`,`cNoSPB`,`cKdBarang`,`cKdSatuan`,`vNmAsset`,`cAktif`,`cIdGenerate`,`dTglGenerate`,`cUserBatal`,`dTglBatal`,`cUserEntry`,`cDateEntry`,`cUserPosting`,`cDatePosting`) values 
('1232014091616044501',14,'00012/SPA-HO/IX/14',4,'00012/SPB-HO/IX/14','123','LTR','BARANG 2','1','420140916160445','2014-09-16 16:04:45',NULL,NULL,'admin','2014-09-16 23:04:45','admin','2014-09-16 23:06:35'),
('1232014100123114601',16,'00014/SPA-HO/IX/14',5,'00013/SPB-HO/IX/14','123','LTR','BARANG 2','1','520141001231146','2014-10-01 23:11:46',NULL,NULL,'admin','2014-10-01 23:11:46','admin','2014-10-01 23:12:20'),
('1232014100123114602',16,'00014/SPA-HO/IX/14',5,'00013/SPB-HO/IX/14','123','LTR','BARANG 2','1','520141001231146','2014-10-01 23:11:46',NULL,NULL,'admin','2014-10-01 23:11:47','admin','2014-10-01 23:12:20'),
('1232014100123114603',16,'00014/SPA-HO/IX/14',5,'00013/SPB-HO/IX/14','123','LTR','BARANG 2','1','520141001231146','2014-10-01 23:11:46',NULL,NULL,'admin','2014-10-01 23:11:47','admin','2014-10-01 23:12:20'),
('1232014100123114604',16,'00014/SPA-HO/IX/14',5,'00013/SPB-HO/IX/14','123','LTR','BARANG 2','1','520141001231146','2014-10-01 23:11:46',NULL,NULL,'admin','2014-10-01 23:11:47','admin','2014-10-01 23:12:20'),
('1232014100123114605',16,'00014/SPA-HO/IX/14',5,'00013/SPB-HO/IX/14','123','LTR','BARANG 2','1','520141001231146','2014-10-01 23:11:46',NULL,NULL,'admin','2014-10-01 23:11:47','admin','2014-10-01 23:12:20'),
('1232014100421261501',19,'00002/SPA-HO/X/14',6,'00001/SPB-HO/X/14','123','LTR','BARANG 2','1','620141004212615','2014-10-04 21:26:15',NULL,NULL,'admin','2014-10-04 21:26:15','admin','2014-10-04 21:26:22'),
('1232014100421261502',19,'00002/SPA-HO/X/14',6,'00001/SPB-HO/X/14','123','LTR','BARANG 2','1','620141004212615','2014-10-04 21:26:15',NULL,NULL,'admin','2014-10-04 21:26:15','admin','2014-10-04 21:26:22'),
('1232014111209024001',26,'00001/SPA-HO/XI/14',12,'00001/SPB-HO/XI/14','123','UNT','KURSI','1','1220141112090240','2014-11-12 09:02:40',NULL,NULL,'admin','2014-11-12 15:02:40','admin','2014-11-12 15:03:09'),
('1232014111209024002',26,'00001/SPA-HO/XI/14',12,'00001/SPB-HO/XI/14','123','UNT','KURSI','1','1220141112090240','2014-11-12 09:02:40',NULL,NULL,'admin','2014-11-12 15:02:41','admin','2014-11-12 15:03:09'),
('1232014111209024003',26,'00001/SPA-HO/XI/14',12,'00001/SPB-HO/XI/14','123','UNT','KURSI','1','1220141112090240','2014-11-12 09:02:40',NULL,NULL,'admin','2014-11-12 15:02:41','admin','2014-11-12 15:03:09'),
('1232014120111151601',25,'00013/SPA-HO/X/14',16,'00003/SPB-HO/XII/14','123','UNT','KURSI ','1','1620141201111516','2014-12-01 11:15:16',NULL,NULL,'admin','2014-12-01 17:15:16','admin','2014-12-01 17:15:21'),
('1232014120111151602',25,'00013/SPA-HO/X/14',16,'00003/SPB-HO/XII/14','123','UNT','KURSI ','1','1620141201111516','2014-12-01 11:15:16',NULL,NULL,'admin','2014-12-01 17:15:17','admin','2014-12-01 17:15:21'),
('4562014100123114601',16,'00014/SPA-HO/IX/14',5,'00013/SPB-HO/IX/14','456','LTR','BARANG 1','1','520141001231146','2014-10-01 23:11:46',NULL,NULL,'admin','2014-10-01 23:11:47','admin','2014-10-01 23:12:20'),
('4562014100123114602',16,'00014/SPA-HO/IX/14',5,'00013/SPB-HO/IX/14','456','LTR','BARANG 1','1','520141001231146','2014-10-01 23:11:46',NULL,NULL,'admin','2014-10-01 23:11:48','admin','2014-10-01 23:12:20'),
('4562014100123114603',16,'00014/SPA-HO/IX/14',5,'00013/SPB-HO/IX/14','456','LTR','BARANG 1','1','520141001231146','2014-10-01 23:11:46',NULL,NULL,'admin','2014-10-01 23:11:48','admin','2014-10-01 23:12:20'),
('4562014100123114604',16,'00014/SPA-HO/IX/14',5,'00013/SPB-HO/IX/14','456','LTR','BARANG 1','1','520141001231146','2014-10-01 23:11:46',NULL,NULL,'admin','2014-10-01 23:11:48','admin','2014-10-01 23:12:20'),
('4562014100123114605',16,'00014/SPA-HO/IX/14',5,'00013/SPB-HO/IX/14','456','LTR','BARANG 1','1','520141001231146','2014-10-01 23:11:46',NULL,NULL,'admin','2014-10-01 23:11:48','admin','2014-10-01 23:12:20'),
('4562014100123114606',16,'00014/SPA-HO/IX/14',5,'00013/SPB-HO/IX/14','456','LTR','BARANG 1','1','520141001231146','2014-10-01 23:11:46',NULL,NULL,'admin','2014-10-01 23:11:48','admin','2014-10-01 23:12:20'),
('4562014102816291301',24,'00012/SPA-HO/X/14',11,'00006/SPB-HO/X/14','456','UNT','LAPTOP','1','1120141028162913','2014-10-28 16:29:13',NULL,NULL,'admin','2014-10-28 16:29:13','admin','2014-10-28 16:29:22'),
('4562014102816291302',24,'00012/SPA-HO/X/14',11,'00006/SPB-HO/X/14','456','UNT','LAPTOP','1','1120141028162913','2014-10-28 16:29:13',NULL,NULL,'admin','2014-10-28 16:29:13','admin','2014-10-28 16:29:22'),
('4562014102816291303',24,'00012/SPA-HO/X/14',11,'00006/SPB-HO/X/14','456','UNT','LAPTOP','1','1120141028162913','2014-10-28 16:29:13',NULL,NULL,'admin','2014-10-28 16:29:13','admin','2014-10-28 16:29:22'),
('4562014102816291304',24,'00012/SPA-HO/X/14',11,'00006/SPB-HO/X/14','456','UNT','LAPTOP','1','1120141028162913','2014-10-28 16:29:13',NULL,NULL,'admin','2014-10-28 16:29:13','admin','2014-10-28 16:29:22'),
('4562014102816291305',24,'00012/SPA-HO/X/14',11,'00006/SPB-HO/X/14','456','UNT','LAPTOP','1','1120141028162913','2014-10-28 16:29:13',NULL,NULL,'admin','2014-10-28 16:29:13','admin','2014-10-28 16:29:22'),
('4562014112913201501',30,'769900',13,'00002/SPB-HO/XI/14','456','UNT','LAPTOP','1','1320141129132015','2014-11-29 13:20:15',NULL,NULL,'admin','2014-11-29 19:20:15','admin','2015-02-15 01:14:45'),
('4562014112913201502',30,'769900',13,'00002/SPB-HO/XI/14','456','UNT','LAPTOP','1','1320141129132015','2014-11-29 13:20:15',NULL,NULL,'admin','2014-11-29 19:20:15','admin','2015-02-15 01:14:45'),
('4562014112913201503',30,'769900',13,'00002/SPB-HO/XI/14','456','UNT','LAPTOP','1','1320141129132015','2014-11-29 13:20:15',NULL,NULL,'admin','2014-11-29 19:20:16','admin','2015-02-15 01:14:45'),
('4562014120107562401',30,'769900',14,'00001/SPB-HO/XII/14','456','UNT','LAPTOP','1','1420141201075624','2014-12-01 07:56:24',NULL,NULL,'admin','2014-12-01 13:56:24','admin','2014-12-01 13:56:33'),
('4562014120107562402',30,'769900',14,'00001/SPB-HO/XII/14','456','UNT','LAPTOP','1','1420141201075624','2014-12-01 07:56:24',NULL,NULL,'admin','2014-12-01 13:56:25','admin','2014-12-01 13:56:33'),
('4562014120108320801',30,'769900',15,'00002/SPB-HO/XII/14','456','UNT','LAPTOP','1','1520141201083208','2014-12-01 08:32:08',NULL,NULL,'admin','2014-12-01 14:32:08','admin','2014-12-01 14:48:17'),
('4562015021419142701',30,'769900',13,'00002/SPB-HO/XI/14','456','UNT','LAPTOP','1','1320150214191427','2015-02-14 19:14:27',NULL,NULL,'admin','2015-02-15 01:14:27','admin','2015-02-15 01:14:45'),
('4562015021419142702',30,'769900',13,'00002/SPB-HO/XI/14','456','UNT','LAPTOP','1','1320150214191427','2015-02-14 19:14:27',NULL,NULL,'admin','2015-02-15 01:14:27','admin','2015-02-15 01:14:45'),
('4562015021419142703',30,'769900',13,'00002/SPB-HO/XI/14','456','UNT','LAPTOP','1','1320150214191427','2015-02-14 19:14:27',NULL,NULL,'admin','2015-02-15 01:14:27','admin','2015-02-15 01:14:45'),
('4562015021419371501',33,'003/II/2015',18,'00002/SPB-HO/II/15','456','UNT','LAPTOP','1','1820150214193715','2015-02-14 19:37:15',NULL,NULL,'admin','2015-02-15 01:37:15','admin','2015-02-15 01:37:25'),
('4562015021419371502',33,'003/II/2015',18,'00002/SPB-HO/II/15','456','UNT','LAPTOP','1','1820150214193715','2015-02-14 19:37:15',NULL,NULL,'admin','2015-02-15 01:37:17','admin','2015-02-15 01:37:25'),
('4562015021419371503',33,'003/II/2015',18,'00002/SPB-HO/II/15','456','UNT','LAPTOP','1','1820150214193715','2015-02-14 19:37:15',NULL,NULL,'admin','2015-02-15 01:37:17','admin','2015-02-15 01:37:25'),
('4562015021419371504',33,'003/II/2015',18,'00002/SPB-HO/II/15','456','UNT','LAPTOP','1','1820150214193715','2015-02-14 19:37:15',NULL,NULL,'admin','2015-02-15 01:37:17','admin','2015-02-15 01:37:25'),
('4562015021419371505',33,'003/II/2015',18,'00002/SPB-HO/II/15','456','UNT','LAPTOP','1','1820150214193715','2015-02-14 19:37:15',NULL,NULL,'admin','2015-02-15 01:37:17','admin','2015-02-15 01:37:25'),
('4562015021419371506',33,'003/II/2015',18,'00002/SPB-HO/II/15','456','UNT','LAPTOP','1','1820150214193715','2015-02-14 19:37:15',NULL,NULL,'admin','2015-02-15 01:37:17','admin','2015-02-15 01:37:25'),
('4562015021419371507',33,'003/II/2015',18,'00002/SPB-HO/II/15','456','UNT','LAPTOP','1','1820150214193715','2015-02-14 19:37:15',NULL,NULL,'admin','2015-02-15 01:37:17','admin','2015-02-15 01:37:25'),
('7892014091616044501',14,'00012/SPA-HO/IX/14',4,'00012/SPB-HO/IX/14','789','LTR','BARANG 3','1','420140916160445','2014-09-16 16:04:45',NULL,NULL,'admin','2014-09-16 23:04:45','admin','2014-09-16 23:06:35'),
('7892014091616044502',14,'00012/SPA-HO/IX/14',4,'00012/SPB-HO/IX/14','789','LTR','BARANG 3','1','420140916160445','2014-09-16 16:04:45',NULL,NULL,'admin','2014-09-16 23:04:45','admin','2014-09-16 23:06:35'),
('7892014091616044503',14,'00012/SPA-HO/IX/14',4,'00012/SPB-HO/IX/14','789','LTR','BARANG 3','1','420140916160445','2014-09-16 16:04:45',NULL,NULL,'admin','2014-09-16 23:04:45','admin','2014-09-16 23:06:35'),
('78920141006140620001',18,'00001/SPA-HO/X/14',7,'00002/SPB-HO/X/14','789','LTR','BARANG 3','1','720141006140620','2014-10-06 14:06:20',NULL,NULL,'admin','2014-10-06 14:06:20','admin','2014-10-06 14:07:24'),
('78920141006140620002',18,'00001/SPA-HO/X/14',7,'00002/SPB-HO/X/14','789','LTR','BARANG 3','1','720141006140620','2014-10-06 14:06:20',NULL,NULL,'admin','2014-10-06 14:06:20','admin','2014-10-06 14:07:24'),
('78920141006140620003',18,'00001/SPA-HO/X/14',7,'00002/SPB-HO/X/14','789','LTR','BARANG 3','1','720141006140620','2014-10-06 14:06:20',NULL,NULL,'admin','2014-10-06 14:06:20','admin','2014-10-06 14:07:24'),
('78920141006140620004',18,'00001/SPA-HO/X/14',7,'00002/SPB-HO/X/14','789','LTR','BARANG 3','1','720141006140620','2014-10-06 14:06:20',NULL,NULL,'admin','2014-10-06 14:06:20','admin','2014-10-06 14:07:24'),
('78920141006140620005',18,'00001/SPA-HO/X/14',7,'00002/SPB-HO/X/14','789','LTR','BARANG 3','1','720141006140620','2014-10-06 14:06:20',NULL,NULL,'admin','2014-10-06 14:06:20','admin','2014-10-06 14:07:24'),
('78920141006140620006',18,'00001/SPA-HO/X/14',7,'00002/SPB-HO/X/14','789','LTR','BARANG 3','1','720141006140620','2014-10-06 14:06:20',NULL,NULL,'admin','2014-10-06 14:06:20','admin','2014-10-06 14:07:24'),
('78920141006140620007',18,'00001/SPA-HO/X/14',7,'00002/SPB-HO/X/14','789','LTR','BARANG 3','1','720141006140620','2014-10-06 14:06:20',NULL,NULL,'admin','2014-10-06 14:06:21','admin','2014-10-06 14:07:24'),
('78920141006140620008',18,'00001/SPA-HO/X/14',7,'00002/SPB-HO/X/14','789','LTR','BARANG 3','1','720141006140620','2014-10-06 14:06:20',NULL,NULL,'admin','2014-10-06 14:06:21','admin','2014-10-06 14:07:24'),
('78920141006140620009',18,'00001/SPA-HO/X/14',7,'00002/SPB-HO/X/14','789','LTR','BARANG 3','1','720141006140620','2014-10-06 14:06:20',NULL,NULL,'admin','2014-10-06 14:06:21','admin','2014-10-06 14:07:24'),
('78920141006140620010',18,'00001/SPA-HO/X/14',7,'00002/SPB-HO/X/14','789','LTR','BARANG 3','1','720141006140620','2014-10-06 14:06:20',NULL,NULL,'admin','2014-10-06 14:06:21','admin','2014-10-06 14:07:24'),
('78920141006140620011',18,'00001/SPA-HO/X/14',7,'00002/SPB-HO/X/14','789','LTR','BARANG 3','1','720141006140620','2014-10-06 14:06:20',NULL,NULL,'admin','2014-10-06 14:06:21','admin','2014-10-06 14:07:24'),
('78920141006140620012',18,'00001/SPA-HO/X/14',7,'00002/SPB-HO/X/14','789','LTR','BARANG 3','1','720141006140620','2014-10-06 14:06:20',NULL,NULL,'admin','2014-10-06 14:06:21','admin','2014-10-06 14:07:24'),
('78920141006140620013',18,'00001/SPA-HO/X/14',7,'00002/SPB-HO/X/14','789','LTR','BARANG 3','1','720141006140620','2014-10-06 14:06:20',NULL,NULL,'admin','2014-10-06 14:06:21','admin','2014-10-06 14:07:24'),
('78920141006140620014',18,'00001/SPA-HO/X/14',7,'00002/SPB-HO/X/14','789','LTR','BARANG 3','1','720141006140620','2014-10-06 14:06:20',NULL,NULL,'admin','2014-10-06 14:06:21','admin','2014-10-06 14:07:24'),
('78920141006140620015',18,'00001/SPA-HO/X/14',7,'00002/SPB-HO/X/14','789','LTR','BARANG 3','1','720141006140620','2014-10-06 14:06:20',NULL,NULL,'admin','2014-10-06 14:06:21','admin','2014-10-06 14:07:24'),
('78920141006140620016',18,'00001/SPA-HO/X/14',7,'00002/SPB-HO/X/14','789','LTR','BARANG 3','1','720141006140620','2014-10-06 14:06:20',NULL,NULL,'admin','2014-10-06 14:06:21','admin','2014-10-06 14:07:24'),
('78920141006140620017',18,'00001/SPA-HO/X/14',7,'00002/SPB-HO/X/14','789','LTR','BARANG 3','1','720141006140620','2014-10-06 14:06:20',NULL,NULL,'admin','2014-10-06 14:06:21','admin','2014-10-06 14:07:24'),
('78920141006140620018',18,'00001/SPA-HO/X/14',7,'00002/SPB-HO/X/14','789','LTR','BARANG 3','1','720141006140620','2014-10-06 14:06:20',NULL,NULL,'admin','2014-10-06 14:06:22','admin','2014-10-06 14:07:24'),
('78920141006140620019',18,'00001/SPA-HO/X/14',7,'00002/SPB-HO/X/14','789','LTR','BARANG 3','1','720141006140620','2014-10-06 14:06:20',NULL,NULL,'admin','2014-10-06 14:06:22','admin','2014-10-06 14:07:24'),
('78920141006140620020',18,'00001/SPA-HO/X/14',7,'00002/SPB-HO/X/14','789','LTR','BARANG 3','1','720141006140620','2014-10-06 14:06:20',NULL,NULL,'admin','2014-10-06 14:06:22','admin','2014-10-06 14:07:24'),
('78920141006140620021',18,'00001/SPA-HO/X/14',7,'00002/SPB-HO/X/14','789','LTR','BARANG 3','1','720141006140620','2014-10-06 14:06:20',NULL,NULL,'admin','2014-10-06 14:06:22','admin','2014-10-06 14:07:24'),
('78920141006140620022',18,'00001/SPA-HO/X/14',7,'00002/SPB-HO/X/14','789','LTR','BARANG 3','1','720141006140620','2014-10-06 14:06:20',NULL,NULL,'admin','2014-10-06 14:06:22','admin','2014-10-06 14:07:24'),
('78920141006140620023',18,'00001/SPA-HO/X/14',7,'00002/SPB-HO/X/14','789','LTR','BARANG 3','1','720141006140620','2014-10-06 14:06:20',NULL,NULL,'admin','2014-10-06 14:06:22','admin','2014-10-06 14:07:24'),
('78920141006140620024',18,'00001/SPA-HO/X/14',7,'00002/SPB-HO/X/14','789','LTR','BARANG 3','1','720141006140620','2014-10-06 14:06:20',NULL,NULL,'admin','2014-10-06 14:06:22','admin','2014-10-06 14:07:24'),
('78920141006140620025',18,'00001/SPA-HO/X/14',7,'00002/SPB-HO/X/14','789','LTR','BARANG 3','1','720141006140620','2014-10-06 14:06:20',NULL,NULL,'admin','2014-10-06 14:06:22','admin','2014-10-06 14:07:24'),
('78920141006140620026',18,'00001/SPA-HO/X/14',7,'00002/SPB-HO/X/14','789','LTR','BARANG 3','1','720141006140620','2014-10-06 14:06:20',NULL,NULL,'admin','2014-10-06 14:06:22','admin','2014-10-06 14:07:24'),
('78920141006140620027',18,'00001/SPA-HO/X/14',7,'00002/SPB-HO/X/14','789','LTR','BARANG 3','1','720141006140620','2014-10-06 14:06:20',NULL,NULL,'admin','2014-10-06 14:06:22','admin','2014-10-06 14:07:24'),
('78920141006140620028',18,'00001/SPA-HO/X/14',7,'00002/SPB-HO/X/14','789','LTR','BARANG 3','1','720141006140620','2014-10-06 14:06:20',NULL,NULL,'admin','2014-10-06 14:06:22','admin','2014-10-06 14:07:24'),
('78920141006140620029',18,'00001/SPA-HO/X/14',7,'00002/SPB-HO/X/14','789','LTR','BARANG 3','1','720141006140620','2014-10-06 14:06:20',NULL,NULL,'admin','2014-10-06 14:06:22','admin','2014-10-06 14:07:24'),
('78920141006140620030',18,'00001/SPA-HO/X/14',7,'00002/SPB-HO/X/14','789','LTR','BARANG 3','1','720141006140620','2014-10-06 14:06:20',NULL,NULL,'admin','2014-10-06 14:06:22','admin','2014-10-06 14:07:24'),
('78920141006140620031',18,'00001/SPA-HO/X/14',7,'00002/SPB-HO/X/14','789','LTR','BARANG 3','1','720141006140620','2014-10-06 14:06:20',NULL,NULL,'admin','2014-10-06 14:06:22','admin','2014-10-06 14:07:24'),
('78920141006140620032',18,'00001/SPA-HO/X/14',7,'00002/SPB-HO/X/14','789','LTR','BARANG 3','1','720141006140620','2014-10-06 14:06:20',NULL,NULL,'admin','2014-10-06 14:06:22','admin','2014-10-06 14:07:24'),
('78920141006140620033',18,'00001/SPA-HO/X/14',7,'00002/SPB-HO/X/14','789','LTR','BARANG 3','1','720141006140620','2014-10-06 14:06:20',NULL,NULL,'admin','2014-10-06 14:06:23','admin','2014-10-06 14:07:24'),
('7892015021418545601',31,'001/II/2015',17,'00001/SPB-HO/II/15','789','PCS','MOUSE','1','1720150214185456','2015-02-14 18:54:56',NULL,NULL,'admin','2015-02-15 00:54:56','admin','2015-02-15 00:55:02'),
('7892015021418545602',31,'001/II/2015',17,'00001/SPB-HO/II/15','789','PCS','MOUSE','1','1720150214185456','2015-02-14 18:54:56',NULL,NULL,'admin','2015-02-15 00:54:57','admin','2015-02-15 00:55:02'),
('1112015022322593201',34,'10000089',19,'00001/SPB-/II/15','111','UNT','CPU','1','1920150223225932','2015-02-23 22:59:32',NULL,NULL,'windy','2015-02-24 03:59:32','windy','2015-02-24 03:59:57'),
('1112015022322593202',34,'10000089',19,'00001/SPB-/II/15','111','UNT','CPU','1','1920150223225932','2015-02-23 22:59:32',NULL,NULL,'windy','2015-02-24 03:59:32','windy','2015-02-24 03:59:57'),
('1112015022322593203',34,'10000089',19,'00001/SPB-/II/15','111','UNT','CPU','1','1920150223225932','2015-02-23 22:59:32',NULL,NULL,'windy','2015-02-24 03:59:32','windy','2015-02-24 03:59:57'),
('4562015022322593201',34,'10000089',19,'00001/SPB-/II/15','456','UNT','LAPTOP','1','1920150223225932','2015-02-23 22:59:32',NULL,NULL,'windy','2015-02-24 03:59:32','windy','2015-02-24 03:59:57'),
('4562015022322593202',34,'10000089',19,'00001/SPB-/II/15','456','UNT','LAPTOP','1','1920150223225932','2015-02-23 22:59:32',NULL,NULL,'windy','2015-02-24 03:59:32','windy','2015-02-24 03:59:57'),
('4562015022322593203',34,'10000089',19,'00001/SPB-/II/15','456','UNT','LAPTOP','1','1920150223225932','2015-02-23 22:59:32',NULL,NULL,'windy','2015-02-24 03:59:32','windy','2015-02-24 03:59:57'),
('4562015022322593204',34,'10000089',19,'00001/SPB-/II/15','456','UNT','LAPTOP','1','1920150223225932','2015-02-23 22:59:32',NULL,NULL,'windy','2015-02-24 03:59:32','windy','2015-02-24 03:59:57'),
('4562015022322593205',34,'10000089',19,'00001/SPB-/II/15','456','UNT','LAPTOP','1','1920150223225932','2015-02-23 22:59:32',NULL,NULL,'windy','2015-02-24 03:59:32','windy','2015-02-24 03:59:57');

/*Table structure for table `tm_assetdt` */

CREATE TABLE `tm_assetdt` (
  `cIdAsset` varchar(100) NOT NULL,
  `cProcessor` varchar(50) DEFAULT NULL,
  `cMainBoard` varchar(50) DEFAULT NULL,
  `cHarddisk` varchar(50) DEFAULT NULL,
  `cVgaCard` varchar(50) DEFAULT NULL,
  `cMemory` varchar(50) DEFAULT NULL,
  `cDvdCd` varchar(50) DEFAULT NULL,
  PRIMARY KEY (`cIdAsset`)
) ENGINE=MyISAM DEFAULT CHARSET=latin1;

/*Data for the table `tm_assetdt` */

insert  into `tm_assetdt`(`cIdAsset`,`cProcessor`,`cMainBoard`,`cHarddisk`,`cVgaCard`,`cMemory`,`cDvdCd`) values 
('1232014120111151601','','','','','',''),
('1232014120111151602','yyyy','','','','','77777'),
('4562014112913201501','','','','','',''),
('4562014112913201502','','','','','',''),
('4562014112913201503','','','','','',''),
('4562014120108320801','yyuu','jjk','ggg','hh','bbb','bbb'),
('4562015021419015801','cb','','','','',''),
('4562015021419015802','cb','','','','',''),
('4562015021419015803','cb','','','','',''),
('4562015021419015804','cb','','','','',''),
('4562015021419015805','cb','','','','',''),
('4562015021419015806','cb','','','','',''),
('4562015021419015807','cb','','','','',''),
('4562015021419142701','cb','','','','',''),
('4562015021419142702','cb','','','','',''),
('4562015021419142703','cb','','','','',''),
('4562015021419371501','','','','','',''),
('4562015021419371502','','','','','',''),
('4562015021419371503','','','','','',''),
('4562015021419371504','','','','','',''),
('4562015021419371505','','','','','',''),
('4562015021419371506','','','','','',''),
('4562015021419371507','','','','','',''),
('7892015021418545601','cb','','','','',''),
('7892015021418545602','cb','','','','',''),
('1112015022322593201','','','','','',''),
('1112015022322593202','','','','','',''),
('1112015022322593203','','','','','',''),
('4562015022322593201','','','','','',''),
('4562015022322593202','','','','','',''),
('4562015022322593203','','','','','',''),
('4562015022322593204','','','','','',''),
('4562015022322593205','','','','','','');

/*Table structure for table `tm_barang` */

CREATE TABLE `tm_barang` (
  `cKdBarang` varchar(10) NOT NULL,
  `vNmBarang` varchar(100) DEFAULT NULL,
  `cKdGroupBarang` varchar(5) DEFAULT NULL,
  `cKdSatuan` varchar(3) DEFAULT NULL,
  `cAktif` char(1) DEFAULT NULL,
  `cUserEntry` varchar(30) DEFAULT NULL,
  `cDateEntry` datetime DEFAULT NULL,
  `cUserEdit` varchar(30) DEFAULT NULL,
  `cDateEdit` datetime DEFAULT NULL,
  PRIMARY KEY (`cKdBarang`)
) ENGINE=MyISAM DEFAULT CHARSET=latin1;

/*Data for the table `tm_barang` */

insert  into `tm_barang`(`cKdBarang`,`vNmBarang`,`cKdGroupBarang`,`cKdSatuan`,`cAktif`,`cUserEntry`,`cDateEntry`,`cUserEdit`,`cDateEdit`) values 
('123','KURSI ','123','UNT','1','admin','2014-09-11 10:43:03','admin','2014-11-20 09:58:11'),
('456','LAPTOP','123','UNT','1','admin','2014-06-21 12:22:26','admin','2014-10-28 14:31:13'),
('789','MOUSE','123','PCS','0','admin','2014-09-11 10:43:24','windy','2015-02-24 04:42:55'),
('111','CPU','111','UNT','1','admin','2015-02-23 04:16:33','admin','2015-02-23 08:00:23'),
('222','PRINTER','111','UNT','1','admin','2015-02-23 10:08:38','admin','2015-02-23 10:08:38'),
('333','MONITOR','111','UNT','1','admin','2015-02-23 04:18:47','admin','2015-02-23 04:18:47');

/*Table structure for table `tm_dept` */

CREATE TABLE `tm_dept` (
  `cKdDept` varchar(3) NOT NULL,
  `vNmDept` varchar(50) DEFAULT NULL,
  `cUserEntry` varchar(30) DEFAULT NULL,
  `cDateEntry` datetime DEFAULT NULL,
  `cUserEdit` varchar(30) DEFAULT NULL,
  `cDateEdit` datetime DEFAULT NULL,
  PRIMARY KEY (`cKdDept`)
) ENGINE=MyISAM DEFAULT CHARSET=latin1;

/*Data for the table `tm_dept` */

insert  into `tm_dept`(`cKdDept`,`vNmDept`,`cUserEntry`,`cDateEntry`,`cUserEdit`,`cDateEdit`) values 
('DIR','DIREKSI','admin','2014-06-12 13:06:12','admin','2014-06-12 13:06:12'),
('HRD','HUMAN RESOURCE DEPARTMENT','admin','2014-06-09 13:28:06','admin','2014-06-09 13:28:06'),
('MIS','MIS','admin','2014-06-16 10:06:48','admin','2014-06-16 10:06:48'),
('FNC','ACCOUNTING & FINANCE','admin','2015-02-23 04:28:56','admin','2015-02-23 04:28:56'),
('QS','QUANTITY SURVEYOR','admin','2014-06-12 13:06:51','admin','2014-06-12 13:06:51'),
('SKR','BIRO KESEKRETARIATAN','admin','2014-06-12 15:08:02','admin','2014-06-12 15:08:02'),
('TNK','TEKNIK','admin','2014-06-12 13:06:27','admin','2014-06-12 13:06:27'),
('FRM','FORMWORK','admin','2015-02-23 04:29:17','admin','2015-02-23 04:29:17'),
('DSG','DESIGN','admin','2015-02-23 04:29:49','admin','2015-02-23 04:29:49'),
('QMS','QMS','admin','2015-02-23 04:32:23','admin','2015-02-23 04:32:23'),
('EST','ESTIMATE','admin','2015-02-23 04:32:41','admin','2015-02-23 04:32:41');

/*Table structure for table `tm_grpbarang` */

CREATE TABLE `tm_grpbarang` (
  `cKdGroupBarang` varchar(5) NOT NULL,
  `vNmGroupBarang` varchar(50) DEFAULT NULL,
  `cKdAsset` varchar(5) DEFAULT NULL,
  `cAsset` char(1) DEFAULT NULL,
  `cAktif` char(1) DEFAULT NULL,
  `cUserEntry` varchar(30) DEFAULT NULL,
  `cDateEntry` datetime DEFAULT NULL,
  `cUserEdit` varchar(30) DEFAULT NULL,
  `cDateEdit` datetime DEFAULT NULL,
  PRIMARY KEY (`cKdGroupBarang`)
) ENGINE=MyISAM DEFAULT CHARSET=latin1;

/*Data for the table `tm_grpbarang` */

insert  into `tm_grpbarang`(`cKdGroupBarang`,`vNmGroupBarang`,`cKdAsset`,`cAsset`,`cAktif`,`cUserEntry`,`cDateEntry`,`cUserEdit`,`cDateEdit`) values 
('123','TEST GROUP BARANG','','1','1','admin','2014-06-17 14:14:37','admin','2015-02-23 04:15:02'),
('111','PC DESKTOP','','1','1','admin','2015-02-23 04:14:54','admin','2015-02-23 04:14:54'),
('222','LAPTOP','','1','1','admin','2015-02-23 04:16:07','admin','2015-02-23 04:16:07');

/*Table structure for table `tm_kerusakan` */

CREATE TABLE `tm_kerusakan` (
  `cKdKerusakan` varchar(3) NOT NULL,
  `vNamaKerusakan` varchar(100) DEFAULT NULL,
  `cUserEntry` varchar(30) DEFAULT NULL,
  `cDateEntry` datetime DEFAULT NULL,
  `cUserEdit` varchar(30) DEFAULT NULL,
  `cDateEdit` datetime DEFAULT NULL,
  PRIMARY KEY (`cKdKerusakan`)
) ENGINE=MyISAM DEFAULT CHARSET=latin1;

/*Data for the table `tm_kerusakan` */

insert  into `tm_kerusakan`(`cKdKerusakan`,`vNamaKerusakan`,`cUserEntry`,`cDateEntry`,`cUserEdit`,`cDateEdit`) values 
('123','HARDWARE','windy','2015-02-24 04:31:53','windy','2015-02-24 04:31:53'),
('456','SOFTWARE','windy','2015-02-24 04:32:02','windy','2015-02-24 04:32:02');

/*Table structure for table `tm_pegawai` */

CREATE TABLE `tm_pegawai` (
  `cKdPegawai` int(11) NOT NULL AUTO_INCREMENT,
  `vNamaPegawai` varchar(50) DEFAULT NULL,
  `cIdProyek` varchar(15) DEFAULT NULL,
  `cKdDept` varchar(3) DEFAULT NULL,
  `cPejabat` varchar(1) DEFAULT NULL,
  `cEmail` varchar(50) DEFAULT NULL,
  `cNip` varchar(50) DEFAULT NULL,
  `cUserEntry` varchar(30) DEFAULT NULL,
  `cDateEntry` datetime DEFAULT NULL,
  `cUserEdit` varchar(30) DEFAULT NULL,
  `cDateEdit` datetime DEFAULT NULL,
  PRIMARY KEY (`cKdPegawai`)
) ENGINE=MyISAM AUTO_INCREMENT=5 DEFAULT CHARSET=latin1;

/*Data for the table `tm_pegawai` */

insert  into `tm_pegawai`(`cKdPegawai`,`vNamaPegawai`,`cIdProyek`,`cKdDept`,`cPejabat`,`cEmail`,`cNip`,`cUserEntry`,`cDateEntry`,`cUserEdit`,`cDateEdit`) values 
(1,'Administrator','0265','MIS','1','mis@dcs.com','8765',NULL,NULL,'admin','2015-02-16 10:21:34'),
(2,'BUDI','0250','DIR','1','budisa@dutaciptasolusindo.com','999888','admin','2014-10-25 13:56:19','admin','2015-02-16 10:21:12'),
(3,'iwan','0251','MIS','0','iwan@dutaciptasolusindo.com','999','admin','2015-02-15 00:27:02','admin','2015-02-16 10:21:25'),
(4,'Windyoko','0900','MIS','1','windyoko@tatamulia.co.id','123','admin','2015-02-24 03:02:00','admin','2015-02-24 03:02:17');

/*Table structure for table `tm_proyek` */

CREATE TABLE `tm_proyek` (
  `cIdProyek` varchar(15) NOT NULL,
  `vNamaProyek` varchar(50) DEFAULT NULL,
  `vKota` varchar(50) DEFAULT NULL,
  `cAlias` varchar(10) DEFAULT NULL,
  `cUserEntry` varchar(30) DEFAULT NULL,
  `cDateEntry` datetime DEFAULT NULL,
  `cUserEdit` varchar(30) DEFAULT NULL,
  `cDateEdit` datetime DEFAULT NULL,
  PRIMARY KEY (`cIdProyek`)
) ENGINE=MyISAM DEFAULT CHARSET=latin1;

/*Data for the table `tm_proyek` */

insert  into `tm_proyek`(`cIdProyek`,`vNamaProyek`,`vKota`,`cAlias`,`cUserEntry`,`cDateEntry`,`cUserEdit`,`cDateEdit`) values 
('0901','Workshop','Bekasi',NULL,'admin','2014-11-17 02:56:05','admin','2014-11-17 02:56:05'),
('0900','Head Office','Jakarta',NULL,'admin','2014-11-17 02:51:50','admin','2014-11-17 02:51:50'),
('0250','Guardian Finishing','Bogor',NULL,'admin','2014-11-17 02:57:50','admin','2014-11-17 02:57:50'),
('0255','Galery West','Jakarta',NULL,'admin','2014-11-17 02:58:44','admin','2014-11-17 02:58:44'),
('0256','Bahana Office Tower','Jakarta',NULL,'admin','2014-11-17 03:00:42','admin','2014-11-17 03:00:42'),
('0257','Imeco - Workshop','Tangerang',NULL,'admin','2014-11-17 03:01:13','admin','2014-11-17 03:01:13'),
('0259','Four Winds Apartment','Jakarta',NULL,'admin','2014-11-17 03:02:06','admin','2014-11-17 03:02:06'),
('0260','Gereja ST Yohanes Maria Finishing','Jakarta',NULL,'admin','2014-11-17 03:02:58','admin','2014-11-17 03:02:58'),
('0261','Hotel Saffron','Bandung',NULL,'admin','2014-11-17 03:03:28','admin','2014-11-17 03:03:28'),
('0262','Rumah Tinggal Pantai Mutiara','Jakarta',NULL,'admin','2014-11-17 03:08:32','admin','2014-11-17 03:08:32'),
('0263','BEC Finishing','Bandung',NULL,'admin','2014-11-17 03:08:56','admin','2014-11-17 03:08:56'),
('0264','Blue Bird','Jakarta',NULL,'admin','2014-11-17 03:10:03','admin','2014-11-17 03:10:03'),
('0265','RSO Djarum','Bandung',NULL,'admin','2014-11-17 03:10:31','admin','2014-11-17 03:10:31'),
('0266','The Spring Lake Apartment','Bekasi',NULL,'admin','2014-11-17 03:11:03','admin','2014-11-17 03:11:03'),
('0267','Toserba YOGYA','Cirebon',NULL,'admin','2014-11-17 03:11:33','admin','2014-11-17 03:11:33'),
('0268','Gajah Tunggal','Tangerang',NULL,'admin','2014-11-17 03:11:54','admin','2014-11-17 03:11:54'),
('0269','Anandamaya Residenced','Jakarta',NULL,'admin','2014-11-17 03:12:29','admin','2014-11-17 03:12:29'),
('0270','Menar Pertiwi','Jakarta',NULL,'admin','2015-02-04 07:42:44','admin','2015-02-04 07:42:44'),
('0251','U RESIDENCE II','Tangerang',NULL,'admin','2015-02-05 04:17:01','admin','2015-02-05 04:17:01');

/*Table structure for table `tm_satuan` */

CREATE TABLE `tm_satuan` (
  `cKdSatuan` varchar(3) NOT NULL,
  `vNmSatuan` varchar(30) DEFAULT NULL,
  `cUserEntry` varchar(30) DEFAULT NULL,
  `cDateEntry` datetime DEFAULT NULL,
  `cUserEdit` varchar(30) DEFAULT NULL,
  `cDateEdit` datetime DEFAULT NULL,
  PRIMARY KEY (`cKdSatuan`)
) ENGINE=MyISAM DEFAULT CHARSET=latin1;

/*Data for the table `tm_satuan` */

insert  into `tm_satuan`(`cKdSatuan`,`vNmSatuan`,`cUserEntry`,`cDateEntry`,`cUserEdit`,`cDateEdit`) values 
('LTR','LITER','admin','2014-08-27 17:09:36','admin','2014-08-27 17:09:36'),
('PCS','PCS','admin','2014-10-28 14:30:44','admin','2014-10-28 14:30:44'),
('UNT','UNIT','admin','2014-10-28 14:30:53','admin','2014-10-28 14:30:53');

/*Table structure for table `tm_supplier` */

CREATE TABLE `tm_supplier` (
  `cKdSupplier` varchar(10) NOT NULL,
  `vNmSupplier` varchar(200) DEFAULT NULL,
  `vAlamat` varchar(200) DEFAULT NULL,
  `vKota` varchar(100) DEFAULT NULL,
  `vTlp` varchar(20) DEFAULT NULL,
  `vFax` varchar(20) DEFAULT NULL,
  `vEmail` varchar(20) DEFAULT NULL,
  `cAktif` char(1) DEFAULT NULL,
  `cUserEntry` varchar(30) DEFAULT NULL,
  `cDateEntry` datetime DEFAULT NULL,
  `cUserEdit` varchar(30) DEFAULT NULL,
  `cDateEdit` datetime DEFAULT NULL,
  PRIMARY KEY (`cKdSupplier`)
) ENGINE=MyISAM DEFAULT CHARSET=latin1;

/*Data for the table `tm_supplier` */

insert  into `tm_supplier`(`cKdSupplier`,`vNmSupplier`,`vAlamat`,`vKota`,`vTlp`,`vFax`,`vEmail`,`cAktif`,`cUserEntry`,`cDateEntry`,`cUserEdit`,`cDateEdit`) values 
('kd002','CARREFOUR','BOGOR','BOGOR','7788','8877','BOGOR','1','admin','2014-10-24 15:23:00','admin','2014-10-24 15:23:00'),
('kd01','MORTAR UTAMA','Jakarta Pusat','Jakarta','00099999','99998888','mo','1','admin','2014-10-24 11:23:20','admin','2014-10-24 11:23:20');

/*Table structure for table `tr_adjustdt` */

CREATE TABLE `tr_adjustdt` (
  `cIdAdjustDet` int(11) NOT NULL AUTO_INCREMENT,
  `cIdAdjust` int(11) DEFAULT NULL,
  `cNoAdjust` varchar(20) DEFAULT NULL,
  `cKdBarang` varchar(10) DEFAULT NULL,
  `cKdAsset` varchar(50) DEFAULT NULL,
  `nQty` float DEFAULT NULL,
  `cKdSatuan` varchar(3) DEFAULT NULL,
  `cKeterangan` text,
  PRIMARY KEY (`cIdAdjustDet`)
) ENGINE=MyISAM AUTO_INCREMENT=178 DEFAULT CHARSET=latin1;

/*Data for the table `tr_adjustdt` */

insert  into `tr_adjustdt`(`cIdAdjustDet`,`cIdAdjust`,`cNoAdjust`,`cKdBarang`,`cKdAsset`,`nQty`,`cKdSatuan`,`cKeterangan`) values 
(1,1,'00001/ADJ-/II/15','111','0147/TNI-CPU/VI/2001',1,'UNT',''),
(2,1,'00001/ADJ-/II/15','111','0172/TNI-CPU/1/2002',1,'UNT',''),
(3,1,'00001/ADJ-/II/15','111','0179/TNI-CPU/IV/2002',1,'UNT',''),
(4,1,'00001/ADJ-/II/15','111','0193/TNI-CPU/VII/2002',1,'UNT',''),
(5,1,'00001/ADJ-/II/15','111','0202/TNI-CPU/X/2002',1,'UNT',''),
(6,1,'00001/ADJ-/II/15','111','0209/TNI-CPU/I/2003',1,'UNT',''),
(7,1,'00001/ADJ-/II/15','111','0211/TNI-CPU/III/2003',1,'UNT',''),
(8,1,'00001/ADJ-/II/15','111','0217/TNI-CPU/IX/2003',1,'UNT',''),
(9,1,'00001/ADJ-/II/15','111','0219/TNI-CPU/IX/2003',1,'UNT',''),
(10,1,'00001/ADJ-/II/15','111','0221/TNI-CPU/VI/2003',1,'UNT',''),
(11,1,'00001/ADJ-/II/15','111','0222/TNI-CPU/V/2003',1,'UNT',''),
(12,1,'00001/ADJ-/II/15','111','0226/TNI-CPU/I/2004',1,'UNT',''),
(13,1,'00001/ADJ-/II/15','111','0237/TNI-CPU/VI/2004',1,'UNT',''),
(14,1,'00001/ADJ-/II/15','111','0239/TNI-CPU/VI/2004',1,'UNT',''),
(15,1,'00001/ADJ-/II/15','111','0244/TNI-CPU/VII/2004',1,'UNT',''),
(16,1,'00001/ADJ-/II/15','111','0248/TNI-CPU/VIII/2004',1,'UNT',''),
(17,1,'00001/ADJ-/II/15','111','0255A/TATA-CPU/04/2011',1,'UNT',''),
(18,1,'00001/ADJ-/II/15','111','0267/TNI-CPU/XI/2004',1,'UNT',''),
(19,1,'00001/ADJ-/II/15','111','0283/TATA-CPU/02/2005',1,'UNT',''),
(20,1,'00001/ADJ-/II/15','111','0291/TATA-CPU/04/2005',1,'UNT',''),
(21,1,'00001/ADJ-/II/15','111','0301/TATA-CPU/05/2005',1,'UNT',''),
(22,1,'00001/ADJ-/II/15','111','0307/TATA-CPU/02/2008',1,'UNT',''),
(23,1,'00001/ADJ-/II/15','111','0308/TATA-CPU/05/2005',1,'UNT',''),
(24,1,'00001/ADJ-/II/15','111','0325/TATA-CPU/07/2005',1,'UNT',''),
(25,1,'00001/ADJ-/II/15','111','0334/TATA-CPU/12/2005',1,'UNT',''),
(26,1,'00001/ADJ-/II/15','111','0335/TATA-CPU/12/2005',1,'UNT',''),
(27,1,'00001/ADJ-/II/15','111','0336/TATA-CPU/01/2006',1,'UNT',''),
(28,1,'00001/ADJ-/II/15','111','0342/TATA-CPU/02/2006',1,'UNT',''),
(29,1,'00001/ADJ-/II/15','111','0343/TATA-CPU/02/2006',1,'UNT',''),
(30,1,'00001/ADJ-/II/15','111','0344/TATA-CPU/03/2006',1,'UNT',''),
(31,1,'00001/ADJ-/II/15','111','0346/TATA-CPU/05/2006',1,'UNT',''),
(32,1,'00001/ADJ-/II/15','111','0349/TATA-CPU/05/2006',1,'UNT',''),
(33,1,'00001/ADJ-/II/15','111','0355/TATA-CPU/11/2006',1,'UNT',''),
(34,1,'00001/ADJ-/II/15','111','0357/TATA-CPU/01/2007',1,'UNT',''),
(35,1,'00001/ADJ-/II/15','111','0358/TATA-CPU/02/2007',1,'UNT',''),
(36,1,'00001/ADJ-/II/15','111','0359/TATA-CPU/02/2007',1,'UNT',''),
(37,1,'00001/ADJ-/II/15','111','0360/TATA-CPU/02/2007',1,'UNT',''),
(38,1,'00001/ADJ-/II/15','111','0361/TATA-CPU/03/2007',1,'UNT',''),
(39,1,'00001/ADJ-/II/15','111','0380/TATA-CPU/01/2008',1,'UNT',''),
(40,1,'00001/ADJ-/II/15','111','0383/TATA-CPU/01/2008',1,'UNT',''),
(41,1,'00001/ADJ-/II/15','111','0384/TATA-CPU/01/2008',1,'UNT',''),
(42,1,'00001/ADJ-/II/15','111','0387A/TATA-CPU/02/2008',1,'UNT',''),
(43,1,'00001/ADJ-/II/15','111','0388/TATA-CPU/02/2008',1,'UNT',''),
(44,1,'00001/ADJ-/II/15','111','0389/TATA-CPU/02/2008',1,'UNT',''),
(45,1,'00001/ADJ-/II/15','111','0393/TATA-CPU/02/2008',1,'UNT',''),
(46,1,'00001/ADJ-/II/15','111','0397/TATA-CPU/03/2008',1,'UNT',''),
(47,1,'00001/ADJ-/II/15','111','0411/TATA-CPU/05/2008',1,'UNT',''),
(48,1,'00001/ADJ-/II/15','111','0413/TATA-CPU/05/2008',1,'UNT',''),
(49,1,'00001/ADJ-/II/15','111','0432/TATA-CPU/06/2009',1,'UNT',''),
(50,1,'00001/ADJ-/II/15','111','0434/TATA-CPU/07/2009',1,'UNT',''),
(51,1,'00001/ADJ-/II/15','111','0435/TATA-CPU/10/2009',1,'UNT',''),
(52,1,'00001/ADJ-/II/15','111','0437TATA-CPU/10/2009',1,'UNT',''),
(53,1,'00001/ADJ-/II/15','111','0444/TATA-CPU/02/2010',1,'UNT',''),
(54,1,'00001/ADJ-/II/15','111','0448/TATA-CPU/06/2010',1,'UNT',''),
(55,1,'00001/ADJ-/II/15','111','0454/TATA-CPU/06/2010',1,'UNT',''),
(56,1,'00001/ADJ-/II/15','111','0455/TATA-CPU/06/2010',1,'UNT',''),
(57,1,'00001/ADJ-/II/15','111','0456/TATA/CPU/06/2010',1,'UNT',''),
(58,1,'00001/ADJ-/II/15','111','0457TATA-CPU/06/2010',1,'UNT',''),
(59,1,'00001/ADJ-/II/15','111','0458/TATA-CPU/06/2010',1,'UNT',''),
(60,1,'00001/ADJ-/II/15','111','0462/TATA-CPU/07/2010',1,'UNT',''),
(61,1,'00001/ADJ-/II/15','111','0475/TATA-CPU/08/2010',1,'UNT',''),
(62,1,'00001/ADJ-/II/15','111','0486TATA-CPU/04/2011',1,'UNT',''),
(63,1,'00001/ADJ-/II/15','111','0487/TATA-CPU/II/2010',1,'UNT',''),
(64,1,'00001/ADJ-/II/15','111','0506/TATA-CPU/03/2011',1,'UNT',''),
(65,1,'00001/ADJ-/II/15','111','0518/TATA-CPU/04/2011',1,'UNT',''),
(66,1,'00001/ADJ-/II/15','111','0519A/TATA-CPU/04/2011',1,'UNT',''),
(67,1,'00001/ADJ-/II/15','111','0520A/TATA-CPU/04/2011',1,'UNT',''),
(68,1,'00001/ADJ-/II/15','111','0521A/TATA-CPU/04/2011',1,'UNT',''),
(69,1,'00001/ADJ-/II/15','111','0539/TATA-CPU/04/2011',1,'UNT',''),
(70,1,'00001/ADJ-/II/15','111','0540/TATA-CPU/05/2011',1,'UNT',''),
(71,1,'00001/ADJ-/II/15','111','0541/TATA-CPU/05/2011',1,'UNT',''),
(72,1,'00001/ADJ-/II/15','111','0548/TATA-CPU/05/2011',1,'UNT',''),
(73,1,'00001/ADJ-/II/15','111','0572/TATA-CPU/07/2011',1,'UNT',''),
(74,1,'00001/ADJ-/II/15','111','0573/TATA-CPU/07/2011',1,'UNT',''),
(75,1,'00001/ADJ-/II/15','111','0621/TATA-CPU/11/2011',1,'UNT',''),
(76,1,'00001/ADJ-/II/15','111','0623/TATA-CPU/11/2011',1,'UNT',''),
(77,1,'00001/ADJ-/II/15','111','0638/TATA-CPU/01/2012',1,'UNT',''),
(78,1,'00001/ADJ-/II/15','111','0654/TATA-CPU/03/2012',1,'UNT',''),
(79,1,'00001/ADJ-/II/15','111','0655/TATA-CPU/03/2012',1,'UNT',''),
(80,1,'00001/ADJ-/II/15','111','0677/TATA-CPU/06/2012',1,'UNT',''),
(81,1,'00001/ADJ-/II/15','111','0695/TATA-CPU/07/2012',1,'UNT',''),
(82,1,'00001/ADJ-/II/15','111','0704/TATA-CPU/09/2012',1,'UNT',''),
(83,1,'00001/ADJ-/II/15','111','0715/TATA-CPU/09/2012',1,'UNT',''),
(84,1,'00001/ADJ-/II/15','111','0729/TATA-CPU/01/2012',1,'UNT',''),
(85,1,'00001/ADJ-/II/15','111','0734/TATA-CPU/11/2012',1,'UNT',''),
(86,1,'00001/ADJ-/II/15','111','0744/TATA-CPU/12/2012',1,'UNT',''),
(87,1,'00001/ADJ-/II/15','111','0747/TATA-CPU/12/2012',1,'UNT',''),
(88,1,'00001/ADJ-/II/15','111','0761/TATA-CPU/01/2013',1,'UNT',''),
(89,1,'00001/ADJ-/II/15','111','0762/TATA-CPU/01/2013',1,'UNT',''),
(90,1,'00001/ADJ-/II/15','111','0807/TATA-CPU/05/2013',1,'UNT',''),
(91,1,'00001/ADJ-/II/15','111','0811/TATA-CPU/06/2005',1,'UNT',''),
(92,1,'00001/ADJ-/II/15','111','0819/TATA-CPU/07/2013',1,'UNT',''),
(93,1,'00001/ADJ-/II/15','111','0835/TATA-CPU/07/2013',1,'UNT',''),
(94,1,'00001/ADJ-/II/15','111','0841/TATA-CPU/07/2013',1,'UNT',''),
(95,1,'00001/ADJ-/II/15','111','0847/TATA-CPU/08/2013',1,'UNT',''),
(96,1,'00001/ADJ-/II/15','111','0852/TATA-CPU/09/2013',1,'UNT',''),
(97,1,'00001/ADJ-/II/15','111','0853/TATA-CPU/09/2013',1,'UNT',''),
(98,1,'00001/ADJ-/II/15','111','0866/TATA-CPU/10/2013',1,'UNT',''),
(99,1,'00001/ADJ-/II/15','111','0867/TATA-CPU/10/2013',1,'UNT',''),
(100,1,'00001/ADJ-/II/15','111','0888/TATA-CPU/01/2014',1,'UNT',''),
(101,1,'00001/ADJ-/II/15','111','0891/TATA-CPU/02/2014',1,'UNT',''),
(102,1,'00001/ADJ-/II/15','111','0901/TATA-CPU/02/2014',1,'UNT',''),
(103,1,'00001/ADJ-/II/15','111','0908/TATA-CPU/03/2014',1,'UNT',''),
(104,1,'00001/ADJ-/II/15','111','0913/TATA-CPU/04/2014',1,'UNT',''),
(105,1,'00001/ADJ-/II/15','111','0916/TATA-CPU/04/2014',1,'UNT',''),
(106,1,'00001/ADJ-/II/15','111','0002/TC-CPU/08/2007',1,'UNT',''),
(107,1,'00001/ADJ-/II/15','111','0135/TNI-CPU/II/2001',1,'UNT',''),
(108,1,'00001/ADJ-/II/15','111','0140/TNI-CPU/XI/2000',1,'UNT',''),
(109,1,'00001/ADJ-/II/15','111','0144/TNI-CPU/VI/2001',1,'UNT',''),
(110,1,'00001/ADJ-/II/15','111','0149/TNI-CPU/VII/2001',1,'UNT',''),
(111,1,'00001/ADJ-/II/15','111','0154/TNI-CPU/VIII/2001',1,'UNT',''),
(112,1,'00001/ADJ-/II/15','111','0155/TNI-CPU/VIII/2001',1,'UNT',''),
(113,1,'00001/ADJ-/II/15','111','0161/TNI-CPU/X/2001',1,'UNT',''),
(114,1,'00001/ADJ-/II/15','111','0170/TNI-CPU/1/2002',1,'UNT',''),
(115,1,'00001/ADJ-/II/15','111','0171/TNI-CPU/01/2002',1,'UNT',''),
(116,1,'00001/ADJ-/II/15','111','0173/TNI-CPU/01/2002',1,'UNT',''),
(117,1,'00001/ADJ-/II/15','111','0192/TNI-CPU/VII/2002',1,'UNT',''),
(118,1,'00001/ADJ-/II/15','111','0197/TNI-CPU/X/2002',1,'UNT',''),
(119,1,'00001/ADJ-/II/15','111','0198/TNI-CPU/X/2002',1,'UNT',''),
(120,1,'00001/ADJ-/II/15','111','0199/TNI-CPU/X/2002',1,'UNT',''),
(121,1,'00001/ADJ-/II/15','111','0204/TNI-CPU/XI/2002',1,'UNT',''),
(122,1,'00001/ADJ-/II/15','111','0206/TNI-CPU/1/200_',1,'UNT',''),
(123,1,'00001/ADJ-/II/15','111','0224/TNI-CPU/X/2003',1,'UNT',''),
(124,1,'00001/ADJ-/II/15','111','0226/TNI-CPU/XII/2004',1,'UNT',''),
(125,1,'00001/ADJ-/II/15','111','0227/TNI-CPU/1/2004',1,'UNT',''),
(126,1,'00001/ADJ-/II/15','111','0228/TNI-CPU/01/2004',1,'UNT',''),
(127,1,'00001/ADJ-/II/15','111','0233/TNI-CPU/2/2004',1,'UNT',''),
(128,1,'00001/ADJ-/II/15','111','0242/TNI-CPU/VII/2004',1,'UNT',''),
(129,1,'00001/ADJ-/II/15','111','0252/TNI-CPU/IX/2004',1,'UNT',''),
(130,1,'00001/ADJ-/II/15','111','0253/TNI-CPU/IX/2004',1,'UNT',''),
(131,1,'00001/ADJ-/II/15','111','0254/TNI-CPU/IX/2004',1,'UNT',''),
(132,1,'00001/ADJ-/II/15','111','0262/TNI-CPU/X/2004',1,'UNT',''),
(133,1,'00001/ADJ-/II/15','111','0264/TNI-CPU/X/2004',1,'UNT',''),
(134,1,'00001/ADJ-/II/15','111','0265/TNI-CPU/X/2004',1,'UNT',''),
(135,1,'00001/ADJ-/II/15','111','0271/TNI-CPU/01/2005',1,'UNT',''),
(136,1,'00001/ADJ-/II/15','111','0287/TATA-CPU/03/2005',1,'UNT',''),
(137,1,'00001/ADJ-/II/15','111','0289/TATA-CPU/02/2005',1,'UNT',''),
(138,1,'00001/ADJ-/II/15','111','0300/TATA-CPU/05/2005',1,'UNT',''),
(139,1,'00001/ADJ-/II/15','111','0302/TNI-CPU/05/2005',1,'UNT',''),
(140,1,'00001/ADJ-/II/15','111','0306/TNI-CPU/05/2005',1,'UNT',''),
(141,1,'00001/ADJ-/II/15','111','0307/TATA-CPU/05/2005',1,'UNT',''),
(142,1,'00001/ADJ-/II/15','111','0317/TATA-CPU/07/2005',1,'UNT',''),
(143,1,'00001/ADJ-/II/15','111','0322/TATA-CPU/07/2007',1,'UNT',''),
(144,1,'00001/ADJ-/II/15','111','0341/TATA-CPU/02/2006',1,'UNT',''),
(145,1,'00001/ADJ-/II/15','111','0412/TNI-CPU/05/2008',1,'UNT',''),
(146,1,'00001/ADJ-/II/15','333','0012/TC-MON/08/2007',1,'UNT',''),
(147,1,'00001/ADJ-/II/15','333','0014/TC-MON/08/2007',1,'UNT',''),
(148,1,'00001/ADJ-/II/15','333','013/TNI-MON/VIII/1997',1,'UNT',''),
(149,1,'00001/ADJ-/II/15','333','0139/TNI-MON/VI/2001',1,'UNT',''),
(150,1,'00001/ADJ-/II/15','333','0144/TNI-MON/VII/2001',1,'UNT',''),
(151,1,'00001/ADJ-/II/15','333','0149/TNI-MON/IX/2001',1,'UNT',''),
(152,1,'00001/ADJ-/II/15','333','0154/TNI-MON/XI/2001',1,'UNT',''),
(153,1,'00001/ADJ-/II/15','333','0162/TNI-MON/I/2002',1,'UNT',''),
(154,1,'00001/ADJ-/II/15','333','0170/TNI-MON/IV/2002',1,'UNT',''),
(155,1,'00001/ADJ-/II/15','333','0183/TNI-MON/1/2002',1,'UNT',''),
(156,1,'00001/ADJ-/II/15','333','0200/TNI-MON/I/2003',1,'UNT',''),
(157,1,'00001/ADJ-/II/15','333','0201/TNI-MON/III/2003',1,'UNT',''),
(158,1,'00001/ADJ-/II/15','333','0202/TNI-MON/III/2003',1,'UNT',''),
(159,1,'00001/ADJ-/II/15','333','0210/TNI-MON/VIII/2002',1,'UNT',''),
(160,1,'00001/ADJ-/II/15','333','0223/TNI-MON/II/2004',1,'UNT',''),
(161,1,'00001/ADJ-/II/15','333','0243/TNI-MON/VII/2004',1,'UNT',''),
(162,1,'00001/ADJ-/II/15','333','0273/TATA-MON/II/2005',1,'UNT',''),
(163,1,'00001/ADJ-/II/15','333','0275/TATA-MON/II/2005',1,'UNT',''),
(164,1,'00001/ADJ-/II/15','333','0291/TATA-MON/05/2005',1,'UNT',''),
(165,1,'00001/ADJ-/II/15','333','0310/TATA-MON/07/2005',1,'UNT',''),
(166,1,'00001/ADJ-/II/15','333','0328/TATA-MON/03/2006',1,'UNT',''),
(167,1,'00001/ADJ-/II/15','333','0392/TATA-MON/05/2008',1,'UNT',''),
(168,1,'00001/ADJ-/II/15','333','092/TNI-MON/III/1997',1,'UNT',''),
(169,1,'00001/ADJ-/II/15','333','0133/TATA-MON/V/2000',1,'UNT',''),
(170,1,'00001/ADJ-/II/15','333','0141/TNI-MON/VII/2001',1,'UNT',''),
(171,1,'00001/ADJ-/II/15','333','0203/TNI-MON/III/2003',1,'UNT',''),
(172,1,'00001/ADJ-/II/15','333','0208/TNI-MON/IX/2003',1,'UNT',''),
(173,1,'00001/ADJ-/II/15','333','0217/TNI-MON/2004',1,'UNT',''),
(174,1,'00001/ADJ-/II/15','333','0269/TNI-MON/II/2005',1,'UNT',''),
(175,1,'00001/ADJ-/II/15','333','0286/TNI-MON/05/2005',1,'UNT',''),
(176,1,'00001/ADJ-/II/15','333','0298/TNI-MON/06/2005',1,'UNT',''),
(177,1,'00001/ADJ-/II/15','222','0064/TNI-PRN/IV/2002',1,'UNT','');

/*Table structure for table `tr_adjusthd` */

CREATE TABLE `tr_adjusthd` (
  `cIdAdjust` int(11) NOT NULL AUTO_INCREMENT,
  `cNoAdjust` varchar(20) DEFAULT NULL,
  `TglAdjust` datetime DEFAULT NULL,
  `cIdProyek` varchar(15) DEFAULT NULL,
  `cKdDept` varchar(3) DEFAULT NULL,
  `cKeterangan` varchar(200) DEFAULT NULL,
  `CJenisAdjust` varchar(1) DEFAULT NULL,
  `cStatus` varchar(1) DEFAULT NULL,
  `cUserEntry` varchar(30) DEFAULT NULL,
  `cDateEntry` datetime DEFAULT NULL,
  `cUserEdit` varchar(30) DEFAULT NULL,
  `cDateEdit` datetime DEFAULT NULL,
  PRIMARY KEY (`cIdAdjust`)
) ENGINE=MyISAM AUTO_INCREMENT=2 DEFAULT CHARSET=latin1;

/*Data for the table `tr_adjusthd` */

insert  into `tr_adjusthd`(`cIdAdjust`,`cNoAdjust`,`TglAdjust`,`cIdProyek`,`cKdDept`,`cKeterangan`,`CJenisAdjust`,`cStatus`,`cUserEntry`,`cDateEntry`,`cUserEdit`,`cDateEdit`) values 
(1,'00001/ADJ-/II/15','2015-02-23 00:00:00','0900','MIS','','2','O','admin','2015-02-23 10:27:15','admin','2015-02-23 11:23:40');

/*Table structure for table `tr_bpbdt` */

CREATE TABLE `tr_bpbdt` (
  `cIdBPBDet` int(11) NOT NULL AUTO_INCREMENT,
  `cIdBPB` int(11) DEFAULT NULL,
  `cNoBPB` varchar(30) DEFAULT NULL,
  `cKdBarang` varchar(10) DEFAULT NULL,
  `cIdAsset` varchar(100) DEFAULT NULL,
  `cKdAsset` varchar(50) DEFAULT NULL,
  `nQty` float DEFAULT NULL,
  `cKdSatuan` varchar(3) DEFAULT NULL,
  `cKeterangan` text,
  PRIMARY KEY (`cIdBPBDet`)
) ENGINE=MyISAM AUTO_INCREMENT=43 DEFAULT CHARSET=latin1;

/*Data for the table `tr_bpbdt` */

insert  into `tr_bpbdt`(`cIdBPBDet`,`cIdBPB`,`cNoBPB`,`cKdBarang`,`cIdAsset`,`cKdAsset`,`nQty`,`cKdSatuan`,`cKeterangan`) values 
(10,9,'00004/BPB-HO/X/14','456','4562014102816291301','00007/456/TATA-TEST/X/14',1,'UNT',''),
(12,11,'00002/BPB-HO/XI/14','456','4562014102816291302','00008/456/TATA-TEST/X/14',1,'UNT',''),
(27,18,'00007/BPB-HO/II/15','456','1232014120111151601','00038/456/TATA-TEST/XII/14',1,'UNT',''),
(28,18,'00007/BPB-HO/II/15','123','','00001/123/TATA-TEST/XII/14',1,'UNT',''),
(35,21,'00010/BPB-HO/II/15','456','','00014/456/TATA-TEST/II/15',1,'UNT',''),
(36,21,'00010/BPB-HO/II/15','456','','00015/456/TATA-TEST/II/15',1,'UNT',''),
(37,21,'00010/BPB-HO/II/15','456','','00016/456/TATA-TEST/II/15',1,'UNT',''),
(38,22,'00011/BPB-HO/II/15','456','4562015021419371502','00011/456/TATA-TEST/II/15',1,'UNT',''),
(39,23,'00001/BPB-/II/15','111','1112015022322593201','00001/111/TATA-/II/15',1,'UNT',''),
(40,23,'00001/BPB-/II/15','111','1112015022322593202','00002/111/TATA-/II/15',1,'UNT',''),
(41,23,'00001/BPB-/II/15','111','1112015022322593203','00003/111/TATA-/II/15',1,'UNT',''),
(42,23,'00001/BPB-/II/15','456','4562015022322593201','00001/456/TATA-/II/15',1,'UNT','');

/*Table structure for table `tr_bpbhd` */

CREATE TABLE `tr_bpbhd` (
  `cIdBPB` int(11) NOT NULL AUTO_INCREMENT,
  `cNoBPB` varchar(30) DEFAULT NULL,
  `cIdSPB` int(11) DEFAULT NULL,
  `dTglBPB` datetime DEFAULT NULL,
  `cUserPengirim` varchar(30) DEFAULT NULL,
  `dTglKirim` datetime DEFAULT NULL,
  `cKdProyekKirim` varchar(15) DEFAULT NULL,
  `cKdProyekTerima` varchar(15) DEFAULT NULL,
  `cKdDeptTerima` varchar(3) DEFAULT NULL,
  `cExpedisi` varchar(150) DEFAULT NULL,
  `cNoMobil` varchar(10) DEFAULT NULL,
  `cKetKirim` text,
  `cUserTerima` varchar(30) DEFAULT NULL,
  `dTglTerima` datetime DEFAULT NULL,
  `cKetTerima` text,
  `cStatus` varchar(1) DEFAULT NULL,
  `cKdEntity` varchar(15) DEFAULT NULL,
  `cUserEntry` varchar(30) DEFAULT NULL,
  `cDateEntry` datetime DEFAULT NULL,
  `cUserEdit` varchar(30) DEFAULT NULL,
  `cDateEdit` datetime DEFAULT NULL,
  PRIMARY KEY (`cIdBPB`)
) ENGINE=MyISAM AUTO_INCREMENT=24 DEFAULT CHARSET=latin1;

/*Data for the table `tr_bpbhd` */

insert  into `tr_bpbhd`(`cIdBPB`,`cNoBPB`,`cIdSPB`,`dTglBPB`,`cUserPengirim`,`dTglKirim`,`cKdProyekKirim`,`cKdProyekTerima`,`cKdDeptTerima`,`cExpedisi`,`cNoMobil`,`cKetKirim`,`cUserTerima`,`dTglTerima`,`cKetTerima`,`cStatus`,`cKdEntity`,`cUserEntry`,`cDateEntry`,`cUserEdit`,`cDateEdit`) values 
(9,'00004/BPB-HO/X/14',NULL,'2014-10-28 00:00:00','admin','2014-10-28 16:30:44','000001','000001','MIS','JNE','','test','admin','2014-10-28 16:31:08','','F',NULL,'admin','2014-10-28 16:30:27','admin','2014-10-28 16:30:27'),
(11,'00002/BPB-HO/XI/14',NULL,'2014-11-28 00:00:00','admin','2015-02-14 14:00:47','000000','000000','DIR','','','',NULL,NULL,NULL,'S',NULL,'admin','2014-11-28 23:32:00','admin','2014-11-28 23:32:31'),
(18,'00007/BPB-HO/II/15',15,'2015-02-16 00:00:00','admin','2015-02-15 02:03:50','000000','000000','DIR','','','',NULL,NULL,NULL,'S',NULL,'admin','2015-02-15 00:24:13','admin','2015-02-15 00:24:13'),
(21,'00010/BPB-HO/II/15',18,'2015-02-15 00:00:00','admin','2015-02-15 02:05:42','000000','000000','DIR','','','',NULL,NULL,NULL,'S',NULL,'admin','2015-02-15 02:03:39','admin','2015-02-15 02:03:39'),
(22,'00011/BPB-HO/II/15',18,'2015-02-20 00:00:00','admin','2015-02-15 02:27:30','000000','000000','DIR','','','',NULL,NULL,NULL,'S',NULL,'admin','2015-02-15 02:26:31','admin','2015-02-15 02:26:31'),
(23,'00001/BPB-/II/15',19,'2015-03-01 00:00:00','windy','2015-02-24 04:07:28','0900','0251','MIS','','','','windy','2015-02-24 04:15:00','','F',NULL,'windy','2015-02-24 04:07:07','windy','2015-02-24 04:07:07');

/*Table structure for table `tr_rusakdt` */

CREATE TABLE `tr_rusakdt` (
  `cIdRusakDet` int(11) NOT NULL AUTO_INCREMENT,
  `cIdRusak` int(11) NOT NULL,
  `cNoAnalisa` varchar(30) DEFAULT NULL,
  `cKdBarang` varchar(10) DEFAULT NULL,
  `nQty` float DEFAULT NULL,
  `nHarga` float DEFAULT NULL,
  `cKdSatuan` varchar(3) DEFAULT NULL,
  `cKeterangan` varchar(100) DEFAULT NULL,
  PRIMARY KEY (`cIdRusakDet`,`cIdRusak`)
) ENGINE=MyISAM DEFAULT CHARSET=latin1;

/*Data for the table `tr_rusakdt` */

/*Table structure for table `tr_rusakhd` */

CREATE TABLE `tr_rusakhd` (
  `cIdRusak` int(11) NOT NULL AUTO_INCREMENT,
  `cNoRusak` varchar(30) DEFAULT NULL,
  `dTglRusak` datetime DEFAULT NULL,
  `cKdProyek` varchar(15) DEFAULT NULL,
  `cKdDept` varchar(3) DEFAULT NULL,
  `cKdBarang` varchar(10) DEFAULT NULL,
  `cKdSatuan` varchar(3) DEFAULT NULL,
  `cIdAsset` varchar(100) DEFAULT NULL,
  `cKdAsset` varchar(50) DEFAULT NULL,
  `cKetRusak` text,
  `cFlagKirim` varchar(1) DEFAULT NULL,
  `cKetKirim` text,
  `dTglKirim` datetime DEFAULT NULL,
  `cUserPengirim` varchar(30) DEFAULT NULL,
  `cUserPerima` varchar(30) DEFAULT NULL,
  `dTglTerima` datetime DEFAULT NULL,
  `cNoAnalisa` varchar(30) DEFAULT NULL,
  `dTglAnalisa` datetime DEFAULT NULL,
  `cKetAnalisa` text,
  `cFlagAnalisa` varchar(1) DEFAULT NULL,
  `cKdKerusakan` varchar(3) DEFAULT NULL,
  `cSupplier` varchar(150) DEFAULT NULL,
  `cNoTukar` varchar(30) DEFAULT NULL,
  `cUserKirimAnalisa` varchar(30) DEFAULT NULL,
  `dTglKirimAnalisa` datetime DEFAULT NULL,
  `cUserTerimaAnalisa` varchar(30) DEFAULT NULL,
  `dTglTerimaAnalisa` datetime DEFAULT NULL,
  `cStatus` varchar(1) DEFAULT NULL,
  `cKdEntity` varchar(15) DEFAULT NULL,
  `cUserEntry` varchar(30) DEFAULT NULL,
  `cDateEntry` datetime DEFAULT NULL,
  `cUserEdit` varchar(30) DEFAULT NULL,
  `cDateEdit` datetime DEFAULT NULL,
  PRIMARY KEY (`cIdRusak`)
) ENGINE=MyISAM AUTO_INCREMENT=9 DEFAULT CHARSET=latin1;

/*Data for the table `tr_rusakhd` */

insert  into `tr_rusakhd`(`cIdRusak`,`cNoRusak`,`dTglRusak`,`cKdProyek`,`cKdDept`,`cKdBarang`,`cKdSatuan`,`cIdAsset`,`cKdAsset`,`cKetRusak`,`cFlagKirim`,`cKetKirim`,`dTglKirim`,`cUserPengirim`,`cUserPerima`,`dTglTerima`,`cNoAnalisa`,`dTglAnalisa`,`cKetAnalisa`,`cFlagAnalisa`,`cKdKerusakan`,`cSupplier`,`cNoTukar`,`cUserKirimAnalisa`,`dTglKirimAnalisa`,`cUserTerimaAnalisa`,`dTglTerimaAnalisa`,`cStatus`,`cKdEntity`,`cUserEntry`,`cDateEntry`,`cUserEdit`,`cDateEdit`) values 
(6,'00002/KRS-HO/X/14','2014-10-28 00:00:00','000001','MIS','','','','','HARDDISK RUSAK','1','','2014-11-19 15:40:55','admin','admin','2014-11-19 15:41:09',NULL,NULL,NULL,NULL,NULL,NULL,NULL,NULL,NULL,NULL,NULL,'R',NULL,'admin','2014-10-28 16:40:13','admin','2014-10-28 16:40:13'),
(7,'00003/KRS-HO/XI/14','2014-11-19 00:00:00','000000','DIR','456','UNT','4562014102816291304','00010/456/TATA-TEST/X/14','','1','','2014-11-19 17:28:54','admin','windy','2015-02-24 04:22:57',NULL,NULL,NULL,NULL,NULL,NULL,NULL,NULL,NULL,NULL,NULL,'R',NULL,'admin','2014-11-19 17:23:36','admin','2014-11-19 17:23:36'),
(8,'00001/KRS-/II/15','2015-02-24 00:00:00','0250','MIS','456','UNT','4562015022322593201','00001/456/TATA-/II/15','laptop hang, keyboard rusak','1','','2015-02-24 04:21:23','windy','windy','2015-02-24 04:21:44','00001/TNI-/II/15','2015-03-04 00:00:00','','3','123','','',NULL,NULL,NULL,NULL,'R',NULL,'windy','2015-02-24 04:21:03','windy','2015-02-24 04:37:23');

/*Table structure for table `tr_spadt` */

CREATE TABLE `tr_spadt` (
  `cIdSPADet` int(11) NOT NULL AUTO_INCREMENT,
  `cIdSPA` int(11) NOT NULL,
  `cNoSPA` varchar(30) DEFAULT NULL,
  `cKdBarang` varchar(10) DEFAULT NULL,
  `nQtyReq` float DEFAULT NULL,
  `cKdSatuan` varchar(3) DEFAULT NULL,
  `cKeterangan` varchar(100) DEFAULT NULL,
  `dTglButuh` datetime DEFAULT NULL,
  `lamanya` float DEFAULT NULL,
  PRIMARY KEY (`cIdSPADet`,`cIdSPA`)
) ENGINE=MyISAM AUTO_INCREMENT=128 DEFAULT CHARSET=latin1;

/*Data for the table `tr_spadt` */

insert  into `tr_spadt`(`cIdSPADet`,`cIdSPA`,`cNoSPA`,`cKdBarang`,`nQtyReq`,`cKdSatuan`,`cKeterangan`,`dTglButuh`,`lamanya`) values 
(111,24,'00012/SPA-HO/X/14','456',5,'UNT','','2014-10-24 00:00:00',7),
(112,25,'00013/SPA-HO/X/14','789',6,'PCS','','2014-10-21 00:00:00',8),
(113,25,'00013/SPA-HO/X/14','123',2,'UNT','','2014-10-20 00:00:00',6),
(114,26,'00001/SPA-HO/XI/14','123',3,'UNT','','2014-11-11 00:00:00',3),
(119,30,'769900','456',10,'UNT','','2014-11-29 00:00:00',0),
(120,31,'001/II/2015','789',2,'PCS','','2015-02-16 00:00:00',3),
(123,33,'003/II/2015','456',7,'UNT','','2015-02-15 00:00:00',5),
(127,34,'10000089','111',3,'UNT','urgent','2015-02-27 00:00:00',5),
(126,34,'10000089','456',5,'UNT','','2015-02-27 00:00:00',5);

/*Table structure for table `tr_spahd` */

CREATE TABLE `tr_spahd` (
  `cIdSPA` int(11) NOT NULL AUTO_INCREMENT,
  `cNoSPA` varchar(30) DEFAULT NULL,
  `dTglSPA` datetime DEFAULT NULL,
  `dTglTerimaSPA` datetime DEFAULT NULL,
  `cKdProyek` varchar(15) DEFAULT NULL,
  `cKdDept` varchar(3) DEFAULT NULL,
  `cKdPegawai` int(11) DEFAULT NULL,
  `cKdUp` int(11) DEFAULT NULL,
  `cKeterangan` text,
  `cStatus` char(1) DEFAULT NULL,
  `cUserApproval` varchar(30) DEFAULT NULL,
  `dTglApproval` datetime DEFAULT NULL,
  `cKdEntity` varchar(15) DEFAULT NULL,
  `cUserEntry` varchar(30) DEFAULT NULL,
  `cDateEntry` datetime DEFAULT NULL,
  `cUserEdit` varchar(30) DEFAULT NULL,
  `cDateEdit` datetime DEFAULT NULL,
  PRIMARY KEY (`cIdSPA`)
) ENGINE=MyISAM AUTO_INCREMENT=35 DEFAULT CHARSET=latin1;

/*Data for the table `tr_spahd` */

insert  into `tr_spahd`(`cIdSPA`,`cNoSPA`,`dTglSPA`,`dTglTerimaSPA`,`cKdProyek`,`cKdDept`,`cKdPegawai`,`cKdUp`,`cKeterangan`,`cStatus`,`cUserApproval`,`dTglApproval`,`cKdEntity`,`cUserEntry`,`cDateEntry`,`cUserEdit`,`cDateEdit`) values 
(24,'00012/SPA-HO/X/14','2014-10-21 00:00:00','2014-10-22 00:00:00','000000','TNK',NULL,NULL,'TEST 1','A','admin','2014-10-28 14:36:45',NULL,'admin','2014-10-28 14:35:34','admin','2014-10-28 14:35:34'),
(25,'00013/SPA-HO/X/14','2014-10-16 00:00:00','2014-10-20 00:00:00','000001','MIS',NULL,NULL,'TEST 2','A',NULL,NULL,NULL,'admin','2014-10-28 14:36:29','admin','2014-10-28 14:36:29'),
(26,'00001/SPA-HO/XI/14','2014-11-11 00:00:00','2014-11-11 00:00:00','000001','DIR',NULL,NULL,'','A','admin','2014-11-11 23:40:48',NULL,'admin','2014-11-11 23:40:29','admin','2014-11-11 23:40:29'),
(30,'769900','2014-11-29 00:00:00','2014-11-29 00:00:00','000000','QS',NULL,NULL,'','A','admin','2014-11-29 19:14:30',NULL,'admin','2014-11-29 19:14:18','admin','2014-11-29 19:14:18'),
(31,'001/II/2015','2015-02-16 00:00:00','2015-02-16 00:00:00','000000','MIS',NULL,NULL,'','A','admin','2015-02-15 00:52:38',NULL,'admin','2015-02-15 00:52:23','admin','2015-02-15 00:52:23'),
(33,'003/II/2015','2015-02-13 00:00:00','2015-02-16 00:00:00','000000','DIR',NULL,NULL,'','A','admin','2015-02-15 01:00:48',NULL,'admin','2015-02-15 00:59:09','admin','2015-02-15 00:59:09'),
(34,'10000089','2015-02-24 00:00:00','2015-02-25 00:00:00','0900','MIS',NULL,NULL,'','A','windy','2015-02-24 03:27:02',NULL,'windy','2015-02-24 03:18:12','windy','2015-02-24 03:23:33');

/*Table structure for table `tr_spbdt` */

CREATE TABLE `tr_spbdt` (
  `cIdSPBDet` int(11) NOT NULL AUTO_INCREMENT,
  `cIdSPB` int(11) NOT NULL,
  `cNoSPB` varchar(30) DEFAULT NULL,
  `cIdSPA` int(11) DEFAULT NULL,
  `cNoSPA` varchar(30) DEFAULT NULL,
  `cKdBarang` varchar(10) DEFAULT NULL,
  `nQty` float DEFAULT NULL,
  `cKdSatuan` varchar(3) DEFAULT NULL,
  `cKeterangan` varchar(100) DEFAULT NULL,
  PRIMARY KEY (`cIdSPBDet`,`cIdSPB`)
) ENGINE=MyISAM AUTO_INCREMENT=46 DEFAULT CHARSET=latin1;

/*Data for the table `tr_spbdt` */

insert  into `tr_spbdt`(`cIdSPBDet`,`cIdSPB`,`cNoSPB`,`cIdSPA`,`cNoSPA`,`cKdBarang`,`nQty`,`cKdSatuan`,`cKeterangan`) values 
(34,11,'00006/SPB-HO/X/14',24,'00012/SPA-HO/X/14','456',5,'UNT',''),
(35,12,'00001/SPB-HO/XI/14',26,'00001/SPA-HO/XI/14','123',3,'UNT',''),
(38,13,'00002/SPB-HO/XI/14',30,'769900','456',6,'UNT',''),
(39,14,'00001/SPB-HO/XII/14',30,'769900','456',2,'UNT',''),
(40,15,'00002/SPB-HO/XII/14',30,'769900','456',1,'UNT',''),
(41,16,'00003/SPB-HO/XII/14',25,'00013/SPA-HO/X/14','123',2,'UNT',''),
(42,17,'00001/SPB-HO/II/15',31,'001/II/2015','789',2,'PCS',''),
(43,18,'00002/SPB-HO/II/15',33,'003/II/2015','456',7,'UNT',''),
(44,19,'00001/SPB-/II/15',34,'10000089','111',3,'UNT','urgent'),
(45,19,'00001/SPB-/II/15',34,'10000089','456',5,'UNT','');

/*Table structure for table `tr_spbhd` */

CREATE TABLE `tr_spbhd` (
  `cIdSPB` int(11) NOT NULL AUTO_INCREMENT,
  `cNoSPB` varchar(30) DEFAULT NULL,
  `dTglSPB` datetime DEFAULT NULL,
  `cIdSPA` int(11) DEFAULT NULL,
  `cNoSPA` varchar(30) DEFAULT NULL,
  `cNoSPM` varchar(50) DEFAULT NULL,
  `cNoOP` varchar(50) DEFAULT NULL,
  `cNoSJ` varchar(50) DEFAULT NULL,
  `dTglSJ` datetime DEFAULT NULL,
  `cExpedisi` varchar(250) DEFAULT NULL,
  `cKdSupplier` varchar(10) DEFAULT NULL,
  `cKdProyek` varchar(15) DEFAULT NULL,
  `cKeterangan` text,
  `cKdEntity` varchar(15) DEFAULT NULL,
  `cUserEntry` varchar(30) DEFAULT NULL,
  `cDateEntry` datetime DEFAULT NULL,
  `cUserEdit` varchar(30) DEFAULT NULL,
  `cDateEdit` datetime DEFAULT NULL,
  PRIMARY KEY (`cIdSPB`)
) ENGINE=MyISAM AUTO_INCREMENT=20 DEFAULT CHARSET=latin1;

/*Data for the table `tr_spbhd` */

insert  into `tr_spbhd`(`cIdSPB`,`cNoSPB`,`dTglSPB`,`cIdSPA`,`cNoSPA`,`cNoSPM`,`cNoOP`,`cNoSJ`,`dTglSJ`,`cExpedisi`,`cKdSupplier`,`cKdProyek`,`cKeterangan`,`cKdEntity`,`cUserEntry`,`cDateEntry`,`cUserEdit`,`cDateEdit`) values 
(11,'00006/SPB-HO/X/14','2014-10-28 00:00:00',24,'00012/SPA-HO/X/14','TEST','999','998','2014-10-28 14:55:42','JNE','kd01','000000','',NULL,'admin','2014-10-28 14:55:42','admin','2014-10-28 15:40:31'),
(12,'00001/SPB-HO/XI/14','2014-11-11 00:00:00',26,'00001/SPA-HO/XI/14','','','','2014-11-11 23:41:25','','kd002','000001','',NULL,'admin','2014-11-11 23:41:25','admin','2014-11-11 23:41:25'),
(13,'00002/SPB-HO/XI/14','2014-11-29 00:00:00',30,'769900','','','','2014-11-29 19:19:38','','','000000','',NULL,'admin','2014-11-29 19:19:38','admin','2014-11-29 19:26:12'),
(14,'00001/SPB-HO/XII/14','2014-12-01 00:00:00',30,'769900','','','','2014-12-01 13:56:08','','kd01','000000','',NULL,'admin','2014-12-01 13:56:08','admin','2014-12-01 13:56:08'),
(15,'00002/SPB-HO/XII/14','2014-12-01 00:00:00',30,'769900','','','','2014-12-01 14:31:49','','','000000','',NULL,'admin','2014-12-01 14:31:49','admin','2014-12-01 14:31:49'),
(16,'00003/SPB-HO/XII/14','2014-12-01 00:00:00',25,'00013/SPA-HO/X/14','','','','2014-12-01 17:14:49','','','000001','',NULL,'admin','2014-12-01 17:14:49','admin','2014-12-01 17:14:49'),
(17,'00001/SPB-HO/II/15','2015-02-17 00:00:00',31,'001/II/2015','TEST','','','2015-02-15 00:53:15','','','000000','',NULL,'admin','2015-02-15 00:53:15','admin','2015-02-15 00:53:15'),
(18,'00002/SPB-HO/II/15','2015-02-14 00:00:00',33,'003/II/2015','COBA','','','2015-02-15 01:01:24','','','000000','',NULL,'admin','2015-02-15 01:01:24','admin','2015-02-15 01:01:24'),
(19,'00001/SPB-/II/15','2015-02-24 00:00:00',34,'10000089','','','','2015-02-24 03:39:58','','kd002','0900','',NULL,'windy','2015-02-24 03:39:58','windy','2015-02-24 03:39:58');

/*Table structure for table `tsm_assetno` */

CREATE TABLE `tsm_assetno` (
  `cIdProyek` varchar(15) DEFAULT NULL,
  `cKdBarang` varchar(10) DEFAULT NULL,
  `cCount` int(11) DEFAULT NULL,
  `cKodeDok` varchar(20) DEFAULT NULL,
  `cBulan` varchar(2) DEFAULT NULL,
  `cTahun` varchar(4) DEFAULT NULL
) ENGINE=MyISAM DEFAULT CHARSET=latin1;

/*Data for the table `tsm_assetno` */

insert  into `tsm_assetno`(`cIdProyek`,`cKdBarang`,`cCount`,`cKodeDok`,`cBulan`,`cTahun`) values 
('000000','456',16,'TATA-TEST','02','2015'),
('0900','111',3,'TATA-','02','2015'),
('0900','456',5,'TATA-','02','2015');

/*Table structure for table `tsm_groupuser` */

CREATE TABLE `tsm_groupuser` (
  `cKdGroupUser` int(11) NOT NULL AUTO_INCREMENT,
  `vNmGroupUser` varchar(50) DEFAULT NULL,
  `cAktif` char(1) DEFAULT NULL,
  `cUserEntry` varchar(30) DEFAULT NULL,
  `cDateEntry` datetime DEFAULT NULL,
  `cUserEdit` varchar(30) DEFAULT NULL,
  `cDateEdit` datetime DEFAULT NULL,
  PRIMARY KEY (`cKdGroupUser`)
) ENGINE=MyISAM AUTO_INCREMENT=5 DEFAULT CHARSET=latin1;

/*Data for the table `tsm_groupuser` */

insert  into `tsm_groupuser`(`cKdGroupUser`,`vNmGroupUser`,`cAktif`,`cUserEntry`,`cDateEntry`,`cUserEdit`,`cDateEdit`) values 
(1,'Admin','1','admin','2014-06-16 13:26:35','admin','2014-06-16 13:26:35'),
(2,'HRD','1','admin','2014-06-21 15:29:07','admin','2015-02-10 13:44:24'),
(3,'GA','1','admin','2014-06-21 15:29:24','admin','2015-02-10 13:44:34'),
(4,'TEKNISI','1','admin','2015-02-14 13:56:16','admin','2015-02-14 13:56:16');

/*Table structure for table `tsm_logged` */

CREATE TABLE `tsm_logged` (
  `dTgl` datetime DEFAULT NULL,
  `fip` varchar(20) DEFAULT NULL,
  `cUserName` varchar(30) DEFAULT NULL,
  `csession_id` varchar(200) DEFAULT NULL
) ENGINE=MyISAM DEFAULT CHARSET=latin1;

/*Data for the table `tsm_logged` */

insert  into `tsm_logged`(`dTgl`,`fip`,`cUserName`,`csession_id`) values 
('2014-06-20 14:42:02','127.0.0.1','ADMIN','d41d8cd98f00b204e9800998ecf8427e'),
('2014-06-20 21:19:09','127.0.0.1','admin','d41d8cd98f00b204e9800998ecf8427e'),
('2014-06-20 22:56:17','127.0.0.1','admin','d41d8cd98f00b204e9800998ecf8427e'),
('2014-06-21 12:07:26','127.0.0.1','admin','d41d8cd98f00b204e9800998ecf8427e'),
('2014-06-21 15:15:05','192.168.1.17','admin','d41d8cd98f00b204e9800998ecf8427e'),
('2014-06-21 15:16:17','192.168.1.13','admin','d41d8cd98f00b204e9800998ecf8427e'),
('2014-06-21 15:20:07','192.168.1.18','admin','d41d8cd98f00b204e9800998ecf8427e'),
('2014-06-21 15:22:19','192.168.1.18','admin','d41d8cd98f00b204e9800998ecf8427e'),
('2014-06-21 15:38:33','192.168.1.17','admin','d41d8cd98f00b204e9800998ecf8427e'),
('2014-06-21 16:38:57','192.168.1.17','admin','d41d8cd98f00b204e9800998ecf8427e'),
('2014-06-21 16:39:44','192.168.1.17','admin','d41d8cd98f00b204e9800998ecf8427e'),
('2014-06-21 16:58:47','192.168.1.17','admin','d41d8cd98f00b204e9800998ecf8427e'),
('2014-08-22 23:23:08','127.0.0.1','admin','d41d8cd98f00b204e9800998ecf8427e'),
('2014-08-26 11:22:28','127.0.0.1','admin','d41d8cd98f00b204e9800998ecf8427e'),
('2014-08-26 11:22:30','127.0.0.1','admin','d41d8cd98f00b204e9800998ecf8427e'),
('2014-08-26 15:13:14','127.0.0.1','admin','d41d8cd98f00b204e9800998ecf8427e'),
('2014-08-26 23:06:52','127.0.0.1','admin','d41d8cd98f00b204e9800998ecf8427e'),
('2014-08-27 08:51:10','127.0.0.1','admin','d41d8cd98f00b204e9800998ecf8427e'),
('2014-08-27 16:45:21','127.0.0.1','admin','d41d8cd98f00b204e9800998ecf8427e'),
('2014-08-27 17:14:18','127.0.0.1','admin','d41d8cd98f00b204e9800998ecf8427e'),
('2014-08-27 22:22:06','127.0.0.1','admin','d41d8cd98f00b204e9800998ecf8427e'),
('2014-08-29 09:10:32','127.0.0.1','admin','d41d8cd98f00b204e9800998ecf8427e'),
('2014-09-08 22:27:00','127.0.0.1','admin','d41d8cd98f00b204e9800998ecf8427e'),
('2014-09-09 16:45:33','127.0.0.1','admin','d41d8cd98f00b204e9800998ecf8427e'),
('2014-09-09 20:57:30','127.0.0.1','admin','d41d8cd98f00b204e9800998ecf8427e'),
('2014-09-10 00:29:35','127.0.0.1','admin','d41d8cd98f00b204e9800998ecf8427e'),
('2014-09-10 08:24:10','127.0.0.1','admin','d41d8cd98f00b204e9800998ecf8427e'),
('2014-09-10 23:42:18','127.0.0.1','admin','d41d8cd98f00b204e9800998ecf8427e'),
('2014-09-11 10:29:39','127.0.0.1','admin','d41d8cd98f00b204e9800998ecf8427e'),
('2014-09-11 23:02:12','127.0.0.1','admin','d41d8cd98f00b204e9800998ecf8427e'),
('2014-09-12 10:22:51','127.0.0.1','admin','d41d8cd98f00b204e9800998ecf8427e'),
('2014-09-12 20:38:55','127.0.0.1','admin','d41d8cd98f00b204e9800998ecf8427e'),
('2014-09-13 01:49:30','127.0.0.1','admin','d41d8cd98f00b204e9800998ecf8427e'),
('2014-09-13 10:39:58','127.0.0.1','admin','d41d8cd98f00b204e9800998ecf8427e'),
('2014-09-13 23:21:04','127.0.0.1','admin','d41d8cd98f00b204e9800998ecf8427e'),
('2014-09-15 22:00:40','127.0.0.1','admin','d41d8cd98f00b204e9800998ecf8427e'),
('2014-09-16 13:17:54','127.0.0.1','admin','d41d8cd98f00b204e9800998ecf8427e'),
('2014-09-16 21:18:31','127.0.0.1','admin','d41d8cd98f00b204e9800998ecf8427e'),
('2014-09-17 16:42:13','127.0.0.1','admin','d41d8cd98f00b204e9800998ecf8427e'),
('2014-09-17 21:12:36','127.0.0.1','admin','d41d8cd98f00b204e9800998ecf8427e'),
('2014-09-18 21:43:06','127.0.0.1','admin','d41d8cd98f00b204e9800998ecf8427e'),
('2014-09-22 09:35:12','::1','admin','d41d8cd98f00b204e9800998ecf8427e'),
('2014-09-24 17:19:22','::1','admin','d41d8cd98f00b204e9800998ecf8427e'),
('2014-09-25 22:31:26','::1','admin','d41d8cd98f00b204e9800998ecf8427e'),
('2014-09-29 17:46:42','::1','admin','d41d8cd98f00b204e9800998ecf8427e'),
('2014-09-29 22:23:35','::1','admin','d41d8cd98f00b204e9800998ecf8427e'),
('2014-09-29 22:38:25','::1','admin','d41d8cd98f00b204e9800998ecf8427e'),
('2014-09-30 09:44:11','::1','admin','d41d8cd98f00b204e9800998ecf8427e'),
('2014-09-30 21:44:54','::1','admin','d41d8cd98f00b204e9800998ecf8427e'),
('2014-10-01 11:09:26','172.16.0.250','admin','d41d8cd98f00b204e9800998ecf8427e'),
('2014-10-01 11:10:25','172.16.0.223','admin','d41d8cd98f00b204e9800998ecf8427e'),
('2014-10-01 11:12:11','172.16.0.223','admin','d41d8cd98f00b204e9800998ecf8427e'),
('2014-10-01 14:36:45','::1','admin','d41d8cd98f00b204e9800998ecf8427e'),
('2014-10-01 22:13:06','::1','admin','d41d8cd98f00b204e9800998ecf8427e'),
('2014-10-02 11:44:13','::1','admin','d41d8cd98f00b204e9800998ecf8427e'),
('2014-10-02 14:02:05','::1','admin','d41d8cd98f00b204e9800998ecf8427e'),
('2014-10-02 14:03:05','::1','admin','d41d8cd98f00b204e9800998ecf8427e'),
('2014-10-03 08:39:29','::1','admin','d41d8cd98f00b204e9800998ecf8427e'),
('2014-10-04 11:44:05','::1','admin','d41d8cd98f00b204e9800998ecf8427e'),
('2014-10-04 20:23:24','::1','admin','d41d8cd98f00b204e9800998ecf8427e'),
('2014-10-04 21:11:29','::1','admin','d41d8cd98f00b204e9800998ecf8427e'),
('2014-10-04 21:14:03','::1','admin','d41d8cd98f00b204e9800998ecf8427e'),
('2014-10-05 11:10:43','::1','admin','d41d8cd98f00b204e9800998ecf8427e'),
('2014-10-06 13:54:02','::1','admin','d41d8cd98f00b204e9800998ecf8427e'),
('2014-10-06 14:54:35','::1','admin','d41d8cd98f00b204e9800998ecf8427e'),
('2014-10-06 15:02:37','::1','admin','d41d8cd98f00b204e9800998ecf8427e'),
('2014-10-06 15:03:00','::1','admin','d41d8cd98f00b204e9800998ecf8427e'),
('2014-10-06 15:52:44','::1','admin','d41d8cd98f00b204e9800998ecf8427e'),
('2014-10-09 13:46:11','::1','admin','d41d8cd98f00b204e9800998ecf8427e'),
('2014-10-20 09:18:06','::1','admin','d41d8cd98f00b204e9800998ecf8427e'),
('2014-10-23 09:17:09','::1','admin','d41d8cd98f00b204e9800998ecf8427e'),
('2014-10-24 11:08:07','::1','admin','d41d8cd98f00b204e9800998ecf8427e'),
('2014-10-25 12:18:32','::1','admin','d41d8cd98f00b204e9800998ecf8427e'),
('2014-10-25 19:54:29','::1','admin','d41d8cd98f00b204e9800998ecf8427e'),
('2014-10-27 10:52:14','::1','admin','d41d8cd98f00b204e9800998ecf8427e'),
('2014-10-28 13:35:26','::1','admin','d41d8cd98f00b204e9800998ecf8427e'),
('2014-10-28 14:18:19','::1','admin','d41d8cd98f00b204e9800998ecf8427e'),
('2014-10-28 14:29:12','::1','admin','d41d8cd98f00b204e9800998ecf8427e'),
('2014-10-28 14:48:31','::1','admin','d41d8cd98f00b204e9800998ecf8427e'),
('2014-10-28 15:51:56','::1','admin','d41d8cd98f00b204e9800998ecf8427e'),
('2014-11-11 23:39:48','::1','admin','d41d8cd98f00b204e9800998ecf8427e'),
('2014-11-12 15:01:00','::1','admin','d41d8cd98f00b204e9800998ecf8427e'),
('2014-11-14 10:03:48','::1','admin','d41d8cd98f00b204e9800998ecf8427e'),
('2014-11-17 10:29:42','::1','admin','d41d8cd98f00b204e9800998ecf8427e'),
('2014-11-17 10:49:45','::1','admin','d41d8cd98f00b204e9800998ecf8427e'),
('2014-11-17 10:52:31','::1','admin','d41d8cd98f00b204e9800998ecf8427e'),
('2014-11-19 15:26:44','::1','admin','d41d8cd98f00b204e9800998ecf8427e'),
('2014-11-19 17:23:12','::1','admin','d41d8cd98f00b204e9800998ecf8427e'),
('2014-11-20 09:05:04','::1','admin','d41d8cd98f00b204e9800998ecf8427e'),
('2014-11-20 18:11:37','::1','admin','d41d8cd98f00b204e9800998ecf8427e'),
('2014-11-20 22:50:42','::1','admin','d41d8cd98f00b204e9800998ecf8427e'),
('2014-11-22 11:25:25','::1','admin','d41d8cd98f00b204e9800998ecf8427e'),
('2014-11-22 18:14:43','::1','admin','d41d8cd98f00b204e9800998ecf8427e'),
('2014-11-22 18:17:01','::1','admin','d41d8cd98f00b204e9800998ecf8427e'),
('2014-11-22 20:01:54','::1','admin','d41d8cd98f00b204e9800998ecf8427e'),
('2014-11-23 00:16:05','::1','admin','d41d8cd98f00b204e9800998ecf8427e'),
('2014-11-23 08:41:24','::1','admin','d41d8cd98f00b204e9800998ecf8427e'),
('2014-11-24 13:03:47','::1','admin','d41d8cd98f00b204e9800998ecf8427e'),
('2014-11-28 10:43:01','::1','admin','d41d8cd98f00b204e9800998ecf8427e'),
('2014-11-28 23:10:12','::1','admin','d41d8cd98f00b204e9800998ecf8427e'),
('2014-11-29 13:04:44','::1','admin','d41d8cd98f00b204e9800998ecf8427e'),
('2014-11-29 16:01:49','::1','admin','d41d8cd98f00b204e9800998ecf8427e'),
('2014-11-29 16:04:39','::1','admin','d41d8cd98f00b204e9800998ecf8427e'),
('2014-11-29 17:52:30','::1','admin','d41d8cd98f00b204e9800998ecf8427e'),
('2014-11-29 17:53:02','::1','admin','d41d8cd98f00b204e9800998ecf8427e'),
('2014-11-29 17:53:07','::1','admin','d41d8cd98f00b204e9800998ecf8427e'),
('2014-11-29 17:56:12','::1','admin','d41d8cd98f00b204e9800998ecf8427e'),
('2014-11-29 17:59:21','::1','admin','d41d8cd98f00b204e9800998ecf8427e'),
('2014-11-29 18:02:55','::1','admin','d41d8cd98f00b204e9800998ecf8427e'),
('2014-11-29 18:42:23','::1','admin','d41d8cd98f00b204e9800998ecf8427e'),
('2014-11-29 18:49:47','::1','admin','d41d8cd98f00b204e9800998ecf8427e'),
('2014-11-29 18:51:13','::1','admin','d41d8cd98f00b204e9800998ecf8427e'),
('2014-11-29 18:52:13','::1','admin','d41d8cd98f00b204e9800998ecf8427e'),
('2014-11-29 19:01:51','::1','admin','d41d8cd98f00b204e9800998ecf8427e'),
('2014-12-01 11:24:39','::1','admin','d41d8cd98f00b204e9800998ecf8427e'),
('2014-12-01 13:30:16','::1','admin','d41d8cd98f00b204e9800998ecf8427e'),
('2014-12-02 21:35:12','::1','admin','d41d8cd98f00b204e9800998ecf8427e'),
('2014-12-03 08:15:15','::1','admin','d41d8cd98f00b204e9800998ecf8427e'),
('2014-12-08 14:14:06','::1','admin','d41d8cd98f00b204e9800998ecf8427e'),
('2014-12-10 16:43:34','::1','admin','d41d8cd98f00b204e9800998ecf8427e'),
('2014-12-18 08:45:29','::1','admin','d41d8cd98f00b204e9800998ecf8427e'),
('2014-12-25 00:18:28','::1','admin','d41d8cd98f00b204e9800998ecf8427e'),
('2015-01-08 10:45:52','::1','admin','d41d8cd98f00b204e9800998ecf8427e'),
('2015-01-10 15:17:33','::1','admin','d41d8cd98f00b204e9800998ecf8427e'),
('2015-01-16 08:52:41','::1','admin','d41d8cd98f00b204e9800998ecf8427e'),
('2015-02-09 11:56:16','::1','admin','d41d8cd98f00b204e9800998ecf8427e'),
('2015-02-10 13:38:34','::1','admin','d41d8cd98f00b204e9800998ecf8427e'),
('2015-02-11 09:45:18','::1','admin','d41d8cd98f00b204e9800998ecf8427e'),
('2015-02-11 16:25:57','::1','admin','d41d8cd98f00b204e9800998ecf8427e'),
('2015-02-11 17:30:23','::1','admin','d41d8cd98f00b204e9800998ecf8427e'),
('2015-02-12 16:52:43','::1','admin','d41d8cd98f00b204e9800998ecf8427e'),
('2015-02-12 16:56:57','::1','admin','d41d8cd98f00b204e9800998ecf8427e'),
('2015-02-12 16:57:46','::1','admin','d41d8cd98f00b204e9800998ecf8427e'),
('2015-02-12 17:17:59','::1','admin','d41d8cd98f00b204e9800998ecf8427e'),
('2015-02-12 18:00:49','::1','admin','d41d8cd98f00b204e9800998ecf8427e'),
('2015-02-12 18:20:50','::1','admin','d41d8cd98f00b204e9800998ecf8427e'),
('2015-02-12 18:28:02','::1','admin','d41d8cd98f00b204e9800998ecf8427e'),
('2015-02-13 10:30:00','::1','admin','d41d8cd98f00b204e9800998ecf8427e'),
('2015-02-13 11:09:50','::1','admin','d41d8cd98f00b204e9800998ecf8427e'),
('2015-02-13 15:08:39','::1','admin','d41d8cd98f00b204e9800998ecf8427e'),
('2015-02-13 15:12:03','::1','admin','d41d8cd98f00b204e9800998ecf8427e'),
('2015-02-14 13:26:35','::1','admin','d41d8cd98f00b204e9800998ecf8427e'),
('2015-02-14 17:56:21','::1','admin','d41d8cd98f00b204e9800998ecf8427e'),
('2015-02-14 18:09:45','::1','admin','d41d8cd98f00b204e9800998ecf8427e'),
('2015-02-14 19:29:50','::1','budi','d41d8cd98f00b204e9800998ecf8427e'),
('2015-02-14 19:31:25','::1','admin','d41d8cd98f00b204e9800998ecf8427e'),
('2015-02-14 19:40:57','::1','budi','d41d8cd98f00b204e9800998ecf8427e'),
('2015-02-14 19:41:25','::1','admin','d41d8cd98f00b204e9800998ecf8427e'),
('2015-02-14 19:42:04','::1','budi','d41d8cd98f00b204e9800998ecf8427e'),
('2015-02-14 19:42:17','::1','admin','d41d8cd98f00b204e9800998ecf8427e'),
('2015-02-15 00:26:03','::1','BUDI','d41d8cd98f00b204e9800998ecf8427e'),
('2015-02-15 00:26:24','::1','admin','d41d8cd98f00b204e9800998ecf8427e'),
('2015-02-15 00:28:07','::1','iwan','d41d8cd98f00b204e9800998ecf8427e'),
('2015-02-15 00:28:38','::1','admin','d41d8cd98f00b204e9800998ecf8427e'),
('2015-02-14 21:24:58','180.252.170.118','budi','d41d8cd98f00b204e9800998ecf8427e'),
('2015-02-14 21:25:12','180.252.170.118','iwan','d41d8cd98f00b204e9800998ecf8427e'),
('2015-02-14 21:26:45','180.252.170.118','admin','d41d8cd98f00b204e9800998ecf8427e'),
('2015-02-16 06:52:20','36.82.115.7','admin','d41d8cd98f00b204e9800998ecf8427e'),
('2015-02-18 03:06:35','36.82.115.7','admin','d41d8cd98f00b204e9800998ecf8427e'),
('2015-02-18 08:23:53','36.82.115.7','admin','d41d8cd98f00b204e9800998ecf8427e'),
('2015-02-23 03:31:26','182.253.35.185','admin','d41d8cd98f00b204e9800998ecf8427e'),
('2015-02-23 04:10:45','36.82.115.7','admin','d41d8cd98f00b204e9800998ecf8427e'),
('2015-02-23 10:13:12','182.253.35.185','admin','d41d8cd98f00b204e9800998ecf8427e'),
('2015-02-23 12:19:27','139.0.106.172','admin','d41d8cd98f00b204e9800998ecf8427e'),
('2015-02-24 02:53:29','180.250.82.10','admin','d41d8cd98f00b204e9800998ecf8427e'),
('2015-02-24 02:59:45','114.4.23.51','admin','d41d8cd98f00b204e9800998ecf8427e'),
('2015-02-24 03:06:10','180.250.82.10','windy','d41d8cd98f00b204e9800998ecf8427e'),
('2015-02-24 03:16:00','180.250.82.10','windy','d41d8cd98f00b204e9800998ecf8427e'),
('2015-02-25 09:09:40','36.78.176.208','admin','d41d8cd98f00b204e9800998ecf8427e'),
('2015-02-26 13:24:38','118.136.202.38','admin','d41d8cd98f00b204e9800998ecf8427e'),
('2015-02-28 13:31:16','125.160.107.252','admin','d41d8cd98f00b204e9800998ecf8427e'),
('2015-02-28 23:00:11','::1','admin','d41d8cd98f00b204e9800998ecf8427e'),
('2015-02-28 23:36:51','::1','admin','d41d8cd98f00b204e9800998ecf8427e'),
('2015-03-01 01:57:18','::1','admin','d41d8cd98f00b204e9800998ecf8427e');

/*Table structure for table `tsm_menu` */

CREATE TABLE `tsm_menu` (
  `fmenu` varchar(3) NOT NULL,
  `fparent` varchar(3) DEFAULT NULL,
  `fcaption` varchar(50) DEFAULT NULL,
  `fhandler` varchar(150) DEFAULT NULL,
  `ficon` varchar(100) DEFAULT NULL,
  `fnoedit` char(1) DEFAULT NULL,
  `fpublic` char(1) DEFAULT NULL,
  `forder` int(11) DEFAULT NULL,
  PRIMARY KEY (`fmenu`)
) ENGINE=MyISAM DEFAULT CHARSET=latin1;

/*Data for the table `tsm_menu` */

insert  into `tsm_menu`(`fmenu`,`fparent`,`fcaption`,`fhandler`,`ficon`,`fnoedit`,`fpublic`,`forder`) values 
('100',NULL,'System Manager',NULL,'fa fa-laptop','0',NULL,1),
('110','100','User Group','?m=user.group','fa fa-angle-double-right','0',NULL,1),
('120','100','Privileges','?m=user.priv','fa fa-angle-double-right','0',NULL,2),
('130','100','User','?m=user.user','fa fa-angle-double-right','0',NULL,3),
('200',NULL,'Master Data',NULL,'fa fa-laptop','0',NULL,2),
('210','200','Proyek','?m=master.proyek','fa fa-angle-double-right','0',NULL,1),
('220','200','Departemen','?m=master.dept','fa fa-angle-double-right','0',NULL,2),
('230','200','Pegawai','?m=master.pegawai','fa fa-angle-double-right','0',NULL,3),
('240','200','Data Group Barang','?m=master.grpbarang','fa fa-angle-double-right','0',NULL,5),
('250','200','Data Barang','?m=master.barang','fa fa-angle-double-right','0',NULL,7),
('260','200','Data Asset','?m=master.asset','fa fa-angle-double-right','0',NULL,8),
('270','200','Jenis Kerusakan','?m=master.jnsrusak','fa fa-angle-double-right','0',NULL,5),
('280','200','Data Satuan','?m=master.satuan','fa fa-angle-double-right','0',NULL,6),
('290','200','Supplier','?m=master.supplier','fa fa-angle-double-right','0',NULL,9),
('300',NULL,'Transaction',NULL,'fa fa-edit','0',NULL,3),
('310','300','Surat Permintaan Alat','?m=trans.spa','fa fa-angle-double-right','0',NULL,1),
('320','300','Surat Penerimaan Barang','?m=trans.spb','fa fa-angle-double-right','0',NULL,3),
('330','300','Bukti Pengeluaran Barang','?m=trans.bpb','fa fa-angle-double-right','0',NULL,5),
('340','300','Serah Terima Barang','?m=trans.stbrg','fa fa-angle-double-right','0',NULL,6),
('350','300','Form Kerusakan Asset','?m=trans.kerusakan','fa fa-angle-double-right','0',NULL,7),
('360','300','Form Analisa Perbaikan','?m=trans.analisaperbaikan','fa fa-angle-double-right','0',NULL,8),
('370','300','Approval SPA','?m=approval.spa','fa fa-angle-double-right','0',NULL,2),
('380','300','Generate Asset','?m=trans.genasset','fa fa-angle-double-right','0',NULL,4),
('390','300','Form Adjustment','?m=trans.adjust','fa fa-angle-double-right','0',NULL,9),
('400',NULL,'View Data',NULL,'fa fa-bar-chart-o','0',NULL,4),
('500',NULL,'Report',NULL,'fa fa-bar-chart-o','0',NULL,5),
('501','500','Inventaris Per Proyek','?m=report.invperproyek','fa fa-angle-double-right','0',NULL,1),
('502','500','Mutasi Inventaris Kantor','?m=report.inventarismutasi','fa fa-angle-double-right','0',NULL,2),
('503','500','Sebaran Jenis Inventaris','?m=report.invsebaran','fa fa-angle-double-right','0',NULL,3),
('504','500','Supplier Inventaris','?m=report.inventarissupplier','fa fa-angle-double-right','0',NULL,4),
('505','500','Perbaikan Inventaris','?m=report.inventarisperbaikan','fa fa-angle-double-right','0',NULL,5),
('506','500','Kerusakan Inventaris','?m=report.inventariskerusakan','fa fa-angle-double-right','0',NULL,6),
('507','500','Pembelian Inventaris','?m=report.inventarispembelian','fa fa-angle-double-right','0',NULL,7),
('508','500','Penjualan Inventaris','?m=report.manifest','fa fa-angle-double-right','0',NULL,8),
('509','500','Stock Inventaris','?m=report.inventarisstock','fa fa-angle-double-right','0',NULL,9),
('510','500','Komplain Inventaris',NULL,'fa fa-angle-double-right','0',NULL,10),
('511','500','Schedule Pemeriksaan Inventaris',NULL,'fa fa-angle-double-right','0',NULL,11);

/*Table structure for table `tsm_priv` */

CREATE TABLE `tsm_priv` (
  `cKdGroupUser` int(11) NOT NULL,
  `cKdModuleId` varchar(5) NOT NULL,
  `cView` varchar(1) DEFAULT NULL,
  `cAdd` varchar(1) DEFAULT NULL,
  `cEdit` varchar(1) DEFAULT NULL,
  `cHapus` varchar(1) DEFAULT NULL,
  `cSubItem` varchar(1) DEFAULT NULL,
  PRIMARY KEY (`cKdGroupUser`,`cKdModuleId`)
) ENGINE=MyISAM DEFAULT CHARSET=latin1;

/*Data for the table `tsm_priv` */

insert  into `tsm_priv`(`cKdGroupUser`,`cKdModuleId`,`cView`,`cAdd`,`cEdit`,`cHapus`,`cSubItem`) values 
(1,'100','1',NULL,NULL,NULL,NULL),
(1,'110','1',NULL,NULL,NULL,NULL),
(1,'120','1',NULL,NULL,NULL,NULL),
(1,'130','1',NULL,NULL,NULL,NULL),
(1,'200','1',NULL,NULL,NULL,NULL),
(1,'210','1',NULL,NULL,NULL,NULL),
(1,'220','1',NULL,NULL,NULL,NULL),
(1,'230','1',NULL,NULL,NULL,NULL),
(1,'240','1',NULL,NULL,NULL,NULL),
(1,'250','1',NULL,NULL,NULL,NULL),
(1,'260','1',NULL,NULL,NULL,NULL),
(1,'270','1',NULL,NULL,NULL,NULL),
(1,'280','1',NULL,NULL,NULL,NULL),
(1,'290','1',NULL,NULL,NULL,NULL),
(1,'300','1',NULL,NULL,NULL,NULL),
(1,'310','1',NULL,NULL,NULL,NULL),
(1,'320','1',NULL,NULL,NULL,NULL),
(1,'330','1',NULL,NULL,NULL,NULL),
(1,'340','1',NULL,NULL,NULL,NULL),
(1,'350','1',NULL,NULL,NULL,NULL),
(1,'360','1',NULL,NULL,NULL,NULL),
(1,'370','1',NULL,NULL,NULL,NULL),
(1,'380','1',NULL,NULL,NULL,NULL),
(1,'390','1',NULL,NULL,NULL,NULL),
(1,'500','1',NULL,NULL,NULL,NULL),
(1,'501','1',NULL,NULL,NULL,NULL),
(1,'502','1',NULL,NULL,NULL,NULL),
(1,'503','1',NULL,NULL,NULL,NULL),
(1,'504','1',NULL,NULL,NULL,NULL),
(1,'505','1',NULL,NULL,NULL,NULL),
(1,'506','1',NULL,NULL,NULL,NULL),
(1,'507','1',NULL,NULL,NULL,NULL),
(1,'508','1',NULL,NULL,NULL,NULL),
(1,'509','1',NULL,NULL,NULL,NULL),
(1,'510','1',NULL,NULL,NULL,NULL),
(1,'511','1',NULL,NULL,NULL,NULL),
(2,'500','1',NULL,NULL,NULL,NULL),
(2,'501','1',NULL,NULL,NULL,NULL),
(2,'502','1',NULL,NULL,NULL,NULL),
(2,'503','1',NULL,NULL,NULL,NULL),
(2,'504','1',NULL,NULL,NULL,NULL),
(3,'300','1',NULL,NULL,NULL,NULL),
(3,'310','1',NULL,NULL,NULL,NULL),
(3,'320','1',NULL,NULL,NULL,NULL);

/*Table structure for table `tsm_transno` */

CREATE TABLE `tsm_transno` (
  `cIdProyek` varchar(15) DEFAULT NULL,
  `cIdTrans` varchar(10) DEFAULT NULL,
  `cCount` int(11) DEFAULT NULL,
  `cKodeDok` varchar(20) DEFAULT NULL,
  `cBulan` varchar(2) DEFAULT NULL,
  `cTahun` varchar(4) DEFAULT NULL
) ENGINE=MyISAM DEFAULT CHARSET=latin1;

/*Data for the table `tsm_transno` */

insert  into `tsm_transno`(`cIdProyek`,`cIdTrans`,`cCount`,`cKodeDok`,`cBulan`,`cTahun`) values 
('000000','SPA',15,'HO','09','2014'),
('000000','SPB',13,'HO','09','2014'),
('000000','BRG',20,'HO','09','2014'),
('000000','BPB',7,'HO','09','2014'),
('000000','KRS',6,'HO','09','2014'),
('000000','TNI',3,'HO','09','2014'),
('000000','ADJ',25,'HO','09','2014'),
('000000','SPA',13,'HO','10','2014'),
('000000','BPB',4,'HO','10','2014'),
('000000','SPB',6,'HO','10','2014'),
('000000','KRS',2,'HO','10','2014'),
('000000','TNI',1,'HO','10','2014'),
('000000','ADJ',1,'HO','10','2014'),
('000000','SPA',5,'HO','11','2014'),
('000000','SPB',2,'HO','11','2014'),
('000000','BPB',2,'HO','11','2014'),
('000000','KRS',3,'HO','11','2014'),
('000000','SPB',3,'HO','12','2014'),
('000000','BPB',11,'HO','02','2015'),
('000000','SPA',3,'HO','02','2015'),
('000000','SPB',2,'HO','02','2015'),
('0265','ADJ',1,'','02','2015'),
('0900','SPA',1,'','02','2015'),
('0900','SPB',1,'','02','2015'),
('0900','BPB',1,'','02','2015'),
('0900','KRS',1,'','02','2015'),
('0900','TNI',1,'','02','2015');

/*Table structure for table `tsm_user` */

CREATE TABLE `tsm_user` (
  `cUserId` int(11) NOT NULL AUTO_INCREMENT,
  `cUserName` varchar(30) NOT NULL,
  `cPassword` varchar(50) DEFAULT NULL,
  `cKdGroupUser` int(11) DEFAULT NULL,
  `cKdPegawai` int(11) DEFAULT NULL,
  `cNamaLengkap` varchar(150) DEFAULT NULL,
  `cAktif` char(1) DEFAULT NULL,
  `cSuper` varchar(1) DEFAULT '0',
  `cUserEntry` varchar(30) DEFAULT NULL,
  `cDateEntry` datetime DEFAULT NULL,
  `cUserEdit` varchar(30) DEFAULT NULL,
  `cDateEdit` datetime DEFAULT NULL,
  PRIMARY KEY (`cUserId`)
) ENGINE=MyISAM AUTO_INCREMENT=6 DEFAULT CHARSET=latin1;

/*Data for the table `tsm_user` */

insert  into `tsm_user`(`cUserId`,`cUserName`,`cPassword`,`cKdGroupUser`,`cKdPegawai`,`cNamaLengkap`,`cAktif`,`cSuper`,`cUserEntry`,`cDateEntry`,`cUserEdit`,`cDateEdit`) values 
(1,'admin','sbc1RA3OJTr0hGhr1YKpbcT4D8tYpuraC6qq99ba9E8=',1,1,'Administrator','1','1',NULL,NULL,NULL,NULL),
(2,'budi','zLzqkbuGNknbetzm68uJ1Vz+4cEVzQd1XU1Z5dRE+gE=',2,2,'','1','0','admin','2015-02-14 19:19:17','admin','2015-02-14 19:39:56'),
(4,'iwan','Y7ycNpMsYbdwbzqiulFUSEqgzsA2BQxsmbdBwM617Fg=',3,3,'','1','0','admin','2015-02-15 00:27:25','admin','2015-02-15 00:27:25'),
(5,'windy','wzSeeQYtl2k8u/Oxf0R9oTGtOvQEqUBGRHOC8O2JAJw=',1,4,'','1','1','admin','2015-02-24 03:03:51','admin','2015-02-24 03:03:51');

/*Table structure for table `vw_kartustockasset` */

DROP TABLE IF EXISTS `vw_kartustockasset`;

/*!50001 CREATE TABLE  `vw_kartustockasset`(
 `cKdDept` varchar(3) ,
 `cKdProyek` varchar(15) ,
 `cKdBarang` varchar(10) ,
 `cKdSatuan` varchar(3) ,
 `cIdAsset` varchar(100) ,
 `cKdAsset` varchar(50) ,
 `jumlah` double 
)*/;

/*Table structure for table `vw_kartustockharianasset` */

DROP TABLE IF EXISTS `vw_kartustockharianasset`;

/*!50001 CREATE TABLE  `vw_kartustockharianasset`(
 `JNS` varchar(10) ,
 `no_doc` varchar(30) ,
 `tanggal` datetime ,
 `ckdproyek` varchar(15) ,
 `ckddept` varchar(3) ,
 `keterangan` varchar(200) ,
 `ckdbarang` varchar(10) ,
 `cidasset` varchar(100) ,
 `ckdasset` varchar(50) ,
 `nqty` varchar(53) ,
 `ckdsatuan` varchar(3) 
)*/;

/*View structure for view vw_kartustockasset */

/*!50001 DROP TABLE IF EXISTS `vw_kartustockasset` */;
/*!50001 CREATE ALGORITHM=UNDEFINED DEFINER=`root`@`localhost` SQL SECURITY DEFINER VIEW `vw_kartustockasset` AS select `asset`.`ckddept` AS `cKdDept`,`asset`.`ckdproyek` AS `cKdProyek`,`asset`.`ckdbarang` AS `cKdBarang`,`asset`.`ckdsatuan` AS `cKdSatuan`,`asset`.`cidasset` AS `cIdAsset`,`asset`.`ckdasset` AS `cKdAsset`,sum(`asset`.`nqty`) AS `jumlah` from `vw_kartustockharianasset` `asset` group by `asset`.`ckdproyek`,`asset`.`ckdbarang`,`asset`.`cidasset`,`asset`.`ckdasset`,`asset`.`ckddept` having (sum(`asset`.`nqty`) > 0) */;

/*View structure for view vw_kartustockharianasset */

/*!50001 DROP TABLE IF EXISTS `vw_kartustockharianasset` */;
/*!50001 CREATE ALGORITHM=UNDEFINED DEFINER=`root`@`localhost` SQL SECURITY DEFINER VIEW `vw_kartustockharianasset` AS select distinct 'SPA-IN' AS `JNS`,`spbhd`.`cNoSPB` AS `no_doc`,`spbhd`.`dTglSPB` AS `tanggal`,`spbhd`.`cKdProyek` AS `ckdproyek`,`spahd`.`cKdDept` AS `ckddept`,concat(`spbhd`.`cNoSPM`,' ',`spbhd`.`cNoSJ`) AS `keterangan`,`spbdt`.`cKdBarang` AS `ckdbarang`,`asset`.`cIdAsset` AS `cidasset`,`asset`.`cKdAsset` AS `ckdasset`,'1' AS `nqty`,`asset`.`cKdSatuan` AS `ckdsatuan` from ((((`tr_spbdt` `spbdt` join `tr_spbhd` `spbhd` on((`spbhd`.`cIdSPB` = `spbdt`.`cIdSPB`))) left join `tm_asset` `asset` on(((`spbdt`.`cKdBarang` = `asset`.`cKdBarang`) and (`spbdt`.`cIdSPA` = `asset`.`cIdSPA`)))) left join `tr_spahd` `spahd` on((`spahd`.`cIdSPA` = `spbhd`.`cIdSPA`))) left join `tm_barang` `brg` on((`spbdt`.`cKdBarang` = `brg`.`cKdBarang`))) where (`spbhd`.`dTglSPB` is not null) union select distinct 'BPB-OUT' AS `JNS`,`bpbhd`.`cNoBPB` AS `no_doc`,`bpbhd`.`dTglBPB` AS `tanggal`,`bpbhd`.`cKdProyekKirim` AS `ckdproyek`,`bpbhd`.`cKdDeptTerima` AS `ckddept`,concat(`bpbhd`.`cExpedisi`,' ',`bpbhd`.`cNoMobil`) AS `keterangan`,`bpbdt`.`cKdBarang` AS `ckdbarang`,`bpbdt`.`cIdAsset` AS `cidasset`,`bpbdt`.`cKdAsset` AS `ckdasset`,(`bpbdt`.`nQty` * -(1)) AS `nqty`,`bpbdt`.`cKdSatuan` AS `ckdsatuan` from (((`tr_bpbdt` `bpbdt` join `tr_bpbhd` `bpbhd` on((`bpbhd`.`cIdBPB` = `bpbdt`.`cIdBPB`))) left join `tm_asset` `asset` on(((`bpbdt`.`cKdBarang` = `asset`.`cKdBarang`) and (`bpbdt`.`cIdAsset` = `asset`.`cIdAsset`)))) left join `tm_barang` `brg` on((`bpbdt`.`cKdBarang` = `brg`.`cKdBarang`))) where (`bpbhd`.`dTglKirim` is not null) union select distinct 'BPB-IN' AS `JNS`,`bpbhd`.`cNoBPB` AS `no_doc`,`bpbhd`.`dTglBPB` AS `tanggal`,`bpbhd`.`cKdProyekTerima` AS `ckdproyek`,`bpbhd`.`cKdDeptTerima` AS `ckddept`,concat(`bpbhd`.`cExpedisi`,' ',`bpbhd`.`cNoMobil`) AS `keterangan`,`bpbdt`.`cKdBarang` AS `ckdbarang`,`bpbdt`.`cIdAsset` AS `cidasset`,`bpbdt`.`cKdAsset` AS `ckdasset`,`bpbdt`.`nQty` AS `nqty`,`bpbdt`.`cKdSatuan` AS `ckdsatuan` from (((`tr_bpbdt` `bpbdt` join `tr_bpbhd` `bpbhd` on((`bpbhd`.`cIdBPB` = `bpbdt`.`cIdBPB`))) left join `tm_asset` `asset` on(((`bpbdt`.`cKdBarang` = `asset`.`cKdBarang`) and (`bpbdt`.`cIdAsset` = `asset`.`cIdAsset`)))) left join `tm_barang` `brg` on((`bpbdt`.`cKdBarang` = `brg`.`cKdBarang`))) where (`bpbhd`.`dTglTerima` is not null) union select distinct 'Adjust-OUT' AS `JNS`,`adjusthd`.`cNoAdjust` AS `no_doc`,`adjusthd`.`TglAdjust` AS `tanggal`,`adjusthd`.`cIdProyek` AS `ckdproyek`,`adjusthd`.`cKdDept` AS `ckddept`,`adjusthd`.`cKeterangan` AS `keterangan`,`adjustdt`.`cKdBarang` AS `ckdbarang`,`asset`.`cIdAsset` AS `cidasset`,`adjustdt`.`cKdAsset` AS `ckdasset`,`adjustdt`.`nQty` AS `nqty`,`adjustdt`.`cKdSatuan` AS `ckdsatuan` from (((`tr_adjustdt` `adjustdt` join `tr_adjusthd` `adjusthd` on((`adjusthd`.`cIdAdjust` = `adjustdt`.`cIdAdjust`))) left join `tm_asset` `asset` on(((`adjustdt`.`cKdBarang` = `asset`.`cKdBarang`) and (`adjustdt`.`cKdAsset` = `asset`.`cKdAsset`)))) left join `tm_barang` `brg` on((`adjustdt`.`cKdBarang` = `brg`.`cKdBarang`))) where (`adjusthd`.`TglAdjust` is not null) */;

/*!40101 SET SQL_MODE=@OLD_SQL_MODE */;
/*!40014 SET FOREIGN_KEY_CHECKS=@OLD_FOREIGN_KEY_CHECKS */;
/*!40014 SET UNIQUE_CHECKS=@OLD_UNIQUE_CHECKS */;
/*!40111 SET SQL_NOTES=@OLD_SQL_NOTES */;
